user_id,assessment_pid,parent_id,teacher_id,birth_month,birth_year
PtYuvnQl7zfIYPwGzvAWliUr5OH2,NA,NA,NA,7,2024
MX6e8LCMhLMTPV58v2m25QEJDjq2,NA,NA,NA,7,2024
4vmlhdwSnDgJFczqdEsO6q5TomE3,NA,NA,NA,12,1
EPAA6KMzikQEmuclMmBb2TyMNK63,NA,NA,NA,12,1
SmIE016m5IeWnjLyboBcRAeMZLw2,NA,NA,NA,12,1933
xWxe6mwZ7ZRUoqFIIv47XOtOwoD3,NA,NA,NA,12,1933
I2wUQEYDfpQGQrz95KOy2nrxqct1,NA,NA,NA,12,1933
CKWypbIanOOnq6eGaC8O1dbLlSl2,NA,NA,NA,12,1933
pWZg6ictdRTnm0PlmQaMMNUHMFL2,NA,NA,NA,12,1933
mQLLolcT6YUixzq1olr4ijJ1mDl1,NA,NA,NA,12,1933
70dAn2JKfnN0jSG9ubKOm2OSYvI3,NA,NA,NA,12,1933
Di2aKFMYnWVIqvugZy8jjQQqHHG3,NA,NA,NA,12,1933
xNANaXWIWMSfu0caW3Dg6xKQQc53,NA,NA,NA,12,1933
73HN0hP0gRfBKGlCNeavMtTlUJT2,NA,NA,NA,12,1933
FEnv4qWL1TXC7U3rEBm9sHOVVk92,NA,NA,NA,12,1933
lkmVJ30eYjSqUfBGvRNOfArrdfl1,NA,NA,NA,12,1933
4X1hhPQo7vWkRQ5IhUF6WBHmmwv2,NA,NA,NA,12,1933
JGLPegvM91bhhdNGoA57FajjEA93,NA,NA,NA,12,1933
qJco0nLi9cXjx6lB3wQhyAGplCn2,NA,NA,NA,12,1933
UEbY3FqEEig4cug6VeuyQaDuE2Q2,NA,NA,NA,12,1933
NaahH96s2IUAuStyad3USHBBY2g2,NA,NA,NA,1,1934
WVZXC9PtH4NQxXKesukcNdB1ds12,NA,NA,NA,1,1934
ZUb1EUNqk9Rscpd6B4G7oJmnGup1,NA,NA,NA,1,1934
ocuTbwvJpgUvs3XKhjUbVZmOlS73,NA,NA,NA,1,1934
XpAtlU4GJIRQi6C1XwKVxFEXdUI3,NA,NA,NA,1,1934
5DiOiw6NP8Re2yIYuTMc594LXPA3,NA,NA,NA,1,1934
QHfHMvwEAnUOtaY1Avx5aq5RMv73,NA,NA,NA,1,1934
Odj38EOVQKUIK5QHYAMJXCqa1Ek2,NA,NA,NA,1,1934
YJ8ucCKZ0GYnfEwd8tEIJqHbkvA2,NA,NA,NA,1,1934
5o6As8x2o2fukVIPi7BUMcfi6t52,NA,NA,NA,1,1934
BOrbBnongRRomB6CjLtB47vKwbT2,NA,NA,NA,1,1934
HWPDy6IkVlSqLrT0jjlR2jLEvE02,NA,NA,NA,1,1934
bRj3DACiXoaCFMhJ1WNPpnti3Te2,NA,NA,NA,1,1934
XFnF6VhlaRXhP2xmSNrJVNk9hEj1,NA,NA,NA,1,1934
cmFMHiMINyUBIGrGdkwywn92Xpi2,NA,NA,NA,1,1934
HHX1VtdKZASrUK3fiB4lkMf1hva2,NA,NA,NA,1,1934
eQnddxYEvTbWIOVEldmWtuMixPD3,NA,NA,NA,1,1934
wFRX1KdHZVdBdwL8gXUjMT1zKJz1,NA,NA,NA,1,1934
5KtdbtY92DZsfBPjww5ERUbUScC3,NA,NA,NA,1,1934
h83lwTCfipP7sdZOTpNzle0KtPD2,NA,NA,NA,1,1934
Rvd2J9OYb1eDXh8gD55byBm9xzg2,NA,NA,NA,1,1934
HMrZbjdnc6gI4IhLVP20OB5V1Mw1,NA,NA,NA,1,1934
sh71JF4DLTVgIrAoUWvUFHFsHtn2,NA,NA,NA,1,1934
jXj6xuL2vFYEnuIN0oV4qvGI7Sm2,NA,NA,NA,1,1934
5BzlDexrK2gzNL5SmhSZuk71l8B2,NA,NA,NA,1,1934
qSksExDmlcUUWbtYBF9CbAFHA8K2,NA,NA,NA,1,1934
lHz0peHii5QUJYnjvi3xZmAaJRF3,NA,NA,NA,1,1934
h6M6fiVBokZih7LSVgxRNWQPfUh2,NA,NA,NA,1,1934
nScCcwiQeWRzBYicF9dbSGyl9IZ2,NA,NA,NA,1,1934
9SAQrJVP3YY4xBF3bSqwMTz83MO2,NA,NA,NA,1,1934
z2h96HcMhhabSdU3FRisoj5EIfZ2,NA,NA,NA,1,1934
9y1bF29gTFaZrUcX9zBftorhNkn2,NA,NA,NA,1,1934
vG2dOpd8EUOmrzgzmliBbRZabfx2,NA,NA,NA,1,1934
pNDWSSy024MzbT3nhx3aGtuhRhM2,NA,NA,NA,1,1934
fyduYHbIQdhFSXcfgdIoAACzZ532,NA,NA,NA,1,1934
MwrZridl5zZfIr3JvJ4hiw5T0Fr2,NA,NA,NA,1,1934
Fb2GQiwQKiNiL4dLw4wnmVl5w222,NA,NA,NA,1,1934
olrXwPOhFZUj5x4WpOdSH9iN0zD2,NA,NA,NA,1,1934
bkGEGe230wfrPUGcz8HWIiKm0x63,NA,NA,NA,1,1934
iuGx9JuG7eRvcuBO9kqRxOoBgy42,NA,NA,NA,1,1934
n2RGdFPpOMNSCyAXET0SNPbnUnV2,NA,NA,NA,1,1934
91YjznLFW4YrDgzWMAsfnJQBh2X2,NA,NA,NA,1,1934
KTp5WM4u82SL8buDXjRLetCz6wa2,NA,NA,NA,1,1934
PtYuvnQl7zfIYPwGzvAWliUr5OH2,NA,NA,NA,7,2024
FGq8H0BVdjQkTXbl4QhVL8aPiWp2,NA,NA,NA,7,2104
7bCC31uPvkTrMQOsy3JGE1W5bFY2,NA,NA,NA,12,10000
4lu325Nrt6On0Q7NCAbmUENx4gX2,NA,NA,NA,12,10000
wsnD6ZfFxYUMkfU68Jl1IhnPUez1,NA,NA,NA,12,10000
SVP7Dv9gYzaBvvt2di8gOWOZM7h1,NA,NA,NA,12,10000
MzOeEY9IYmQxXnTG6HuRlnyStO92,NA,NA,NA,12,10000
Uf7cM1IXS9euLjYTB0YffeuAsJ23,NA,NA,NA,12,10000
lTrXDKqnEccSHb4ydpqWxw9ZQ793,NA,NA,NA,12,10000
IevpSbioUDaTroYAKZCbUGwNHyq2,NA,NA,NA,12,10000
DYW9drx8kig9yKOyTu5sZK0iPaD3,NA,NA,NA,12,10000
kYX1aLWbZSM5Z975jRN5ic0LJqF3,NA,NA,NA,12,10000
wjFEPyz64phI4j2WYXhkQTY7Rnb2,NA,NA,NA,12,10000
qTPaWR2kjDgsI9pcOtkoxWtXF0r2,NA,NA,NA,12,10000
O5G3bvLE4kc97vqxWTpmvUC64AC3,NA,NA,NA,12,10000
KQnq9GmimIMGkhVT0u5tVRbxvPn1,NA,NA,NA,12,10000
feUviq9peCgwNN2bpGKiW5LoJVG2,NA,NA,NA,12,10000
SgYBcSKkaseSqGiOJGDuzOOo2fD2,NA,NA,NA,12,10000
3EVnWnZYPaXe8uZSkTqkExM3PdU2,NA,NA,NA,12,10000
LBH5rDePP5XwqUBV6KgTdUdepV93,NA,NA,NA,12,10000
4ZxnAl5b0TSX5svMdByQOFBJVid2,NA,NA,NA,12,10000
L71142htkic3iBrePh5z8CNC43C3,NA,NA,NA,12,10000
GNSBpn05ZGer8IixlvSKgwcQMf03,NA,NA,NA,12,10000
Fxx8XHU7z7XnelHmSQz2VpBUrLl1,NA,NA,NA,12,10000
9vEmKwaSfwY6So2TRie7WPwtMHF2,NA,NA,NA,12,10000
dw9DhQznYEQXad0mo8o97ssoioI3,NA,NA,NA,12,10000
mjKdu8mbYKa9pRrS6bSxSr2rXc13,NA,NA,NA,12,10000
IhUPjzZYyzO24FG7kDvr4LgjgdA2,NA,NA,NA,12,10000
TFTBuZxCZBetToU5JIx0Q5wHQNz2,NA,NA,NA,12,10000
IREduAPbj5UQcU8NT80qpfmNtmF3,NA,NA,NA,12,10000
4AqROCukqUXyBUWdnQ0csxPs6o03,NA,NA,NA,12,10000
HOBrlvSwDvSyeKf85WSVF1OiyCe2,NA,NA,NA,12,10000
zhjhmkSkmKXFO3hAfOj3pWLT0dE3,NA,NA,NA,12,10000
IZAG98vT5ObQKxDInPel48HzMLG3,NA,NA,NA,12,10000
EZ0cxtlPDeYLUVrWvR833eYLkJq1,NA,NA,NA,12,10000
qo4Q7Z7RgRV5WnLN61E3D14MwUl2,NA,NA,NA,12,10000
UWIADvP9CRSFQNoBV6aIIldhmrg2,NA,NA,NA,12,10000
7qtKdZLq34crDFOmhgdC9HL1fRE2,NA,NA,NA,12,10000
9ARSpl67kCfZ4jKsQ03P5frM4Lm2,NA,NA,NA,12,10000
XErBE1bHreebaM8bumlgZxuWFxA3,NA,NA,NA,12,10000
pu24VthHMMSi7tPGP23w6J7q0T93,NA,NA,NA,12,10000
lerrQhBSkLa2bA0Bsy6Re7J1xug2,NA,NA,NA,12,10000
b0BtTwKSn3N3dp3UEcjAfWFq0U62,NA,NA,NA,12,10000
ZFcxyy6yDbSYMh2qOxKHKC6XSoG2,NA,NA,NA,12,10000
c7SdxRCsiVYPdtfraN6GzAj9y0G3,NA,NA,NA,12,10000
G81yXPpc5bgW8G4NuSsuJKcBGBa2,NA,NA,NA,12,10000
WJQiNmROWOS0uKn8EJCee1fO5VR2,NA,NA,NA,12,10000
R2OkTtNWaEgLhi9eCh5geyP7XK43,NA,NA,NA,12,10000
WVDT3TyhujV81Yqn0qjsZ9zjO0r2,NA,NA,NA,12,10000
3e3iO1XsiZSG388wCFYAJIkq2tI2,NA,NA,NA,12,10000
lOh4gprTz8SSbqJ167OfNufz0fO2,NA,NA,NA,12,10000
AcYn3h6VNkY9AwcKlijaDuNTZ7v2,NA,NA,NA,12,10000
fyTVu1Hn3sO5tzyOdTn6YzXLOk32,NA,NA,NA,12,10000
M8kG33j0JpX10wBcsrgW0lfLGFv2,NA,NA,NA,12,10000
qSJLi3qMHAghZu8v1fhkrhXS3Q53,NA,NA,NA,12,10000
zUJLN9PxGdXkKiTQSHfbELekJNv1,NA,NA,NA,12,10000
pW3tyaiTkWRTH6eMvq3loJ4qH5n1,NA,NA,NA,12,10000
rJGkX7B48oYufIQ2J9S1CGiFhdb2,NA,NA,NA,12,10000
6IoxgqP5e1QR86vkZTw9XpUcfOu2,NA,NA,NA,12,10000
VNC3CvITqTdOHHvWMEzwjPDPxiH2,NA,NA,NA,12,10000
Q04sUzwEgQUthlt7j2V5baawD7k2,NA,NA,NA,12,10000
rQ5z7KQNrPcyPSmhQ0C29sQSnCf1,NA,NA,NA,12,10000
zqFhuLQj9gWbjOiqfaVJ7XKzVO33,NA,NA,NA,12,10000
jozmw21wRYUdNrbIUxPMJ1LqJbF3,NA,NA,NA,12,10000
zlH3BVjeaYb6jCvEyWRgsTzmCkI3,NA,NA,NA,12,10000
034VrJvAowNgdPkxu7A5Wag8UL32,NA,NA,NA,12,10000
O5YodHa3TaOwhFaGVMlhmKLW24X2,NA,NA,NA,12,10000
BdOcTgZq23P9AjW4lXJVcP0vu9k1,NA,NA,NA,12,10000
ZO1wdQYR3LQFj1fuYg5np9Edink1,NA,NA,NA,12,10000
VTk9EEsdgEecDl77GWwylEAW7Xp1,NA,NA,NA,12,10000
7NIhfPhbp6eQ8LrLahsTYeFJ0G02,NA,NA,NA,12,10000
3A6Y3crxEHeo8CPaFvyVWIjXCnw1,NA,NA,NA,12,10000
98i1nykj3rU4mgvrH548NilrZ4x2,NA,NA,NA,12,10000
dSxo3pHk0APJjqoTBdjh4XzPwgb2,NA,NA,NA,12,10000
BtD7yHGLvLOeAWQHy4DNp13wlEc2,NA,NA,NA,12,10000
9FfvVM6gPsMfdw8qyO6oPsyUDN92,NA,NA,NA,12,10000
MLTS384gzPc25nKZ6BolXyGiYOg2,NA,NA,NA,12,10000
f9FRwtfrcBdxuS49PsXrN0NNl2U2,NA,NA,NA,12,10000
Y5IG1zUC2WTYXahisqUF0w8lZlw1,NA,NA,NA,12,10000
XQGa3acPjnWqxSlGXn3tSkwEAup2,NA,NA,NA,12,10000
rvPDRLO4ydf4RO3aP1fki8eJHMD3,NA,NA,NA,12,10000
6MgmLMgyqmcOT4M21EpYcy15w1S2,NA,NA,NA,12,10000
YFATohzyBZMsHdeWglr2QuXmdg03,NA,NA,NA,12,10000
FNCB0ILcqbXlsgFgEJXVxi5pvDu2,NA,NA,NA,12,10000
DXNOv6Rx92dhIDXsfikGj2qOhbT2,NA,NA,NA,12,10000
VOUzoKuRDbPlRtvVyJn2R1We5ik1,NA,NA,NA,12,10000
JQWW0Wb6FgesEwsnH2ra0orUfJB2,NA,NA,NA,12,10000
YsEuvE484haWrYSkmx4AFtOQIIJ3,NA,NA,NA,12,10000
EnsZJZ0C8BUY5YBMfkVQc7FqfDY2,NA,NA,NA,12,10000
vVVOdBOULQPgFCTfyjtItKGRHQr2,NA,NA,NA,12,10000
noqs4mVheOdCLOsnyZ6QxCg9TgG2,NA,NA,NA,12,10000
waUQluffwSXn6RW0lDt3V0ByfEw2,NA,NA,NA,12,10000
q4a2Ri3UBMaomXzDfJw9gFRZgIk1,NA,NA,NA,12,10000
F4Hqx3ZdeaMruMdddGeXIbr7iHI2,NA,NA,NA,12,10000
K2MqMmrDgWQNUy846wJSzW9osmE2,NA,NA,NA,12,10000
cEKIRK7YiahrYWhV34nICAcgWwh1,NA,NA,NA,12,10000
2UjKnqYwFnYuc1vl91NWAA6AKw33,NA,NA,NA,12,10000
SeI103aAPkRWaG41gRw1mX7qLgO2,NA,NA,NA,12,10000
RFOzcnBY7SgMTvMwcU6jEzXJO1I3,NA,NA,NA,12,10000
KXDmpeXGvVQac160ATivRnD5Doj2,NA,NA,NA,12,10000
3nhk2z1bEqVm5OvjkdKwQ5Up83T2,NA,NA,NA,12,10000
bOAl5f86orRaXDtsYx5uU2QMNmH3,NA,NA,NA,12,10000
PE9aUPa2FdPbipcFIibe7u5dUgl1,NA,NA,NA,12,10000
1AgoiIub35MdZI67PdADZ1Wz4Pv1,NA,NA,NA,12,10000
0Hp9EZA2QJTYzTnWyitqPM526pa2,NA,NA,NA,12,10000
bTj5OiFFGfbaN0qTn5ZtAcrr09f2,NA,NA,NA,12,10000
KlSB1rh50sYkfxTWaz8hajbbAiA2,NA,NA,NA,12,10000
wohT3eIEkuZvB0s6YvZ37j7AsiQ2,NA,NA,NA,12,10000
qmrsDd2YCAXOegoHcstCtBhJWPo2,NA,NA,NA,12,10000
5hWQQLoGFkN9XjXh4ALHKUCsEAR2,NA,NA,NA,12,10000
zjkgMNpGH5PA8F2ACaruqsT0kA12,NA,NA,NA,12,10000
bPxnIvYIy6h0Xb0rnsoc7Ma3eFh1,NA,NA,NA,12,10000
g2tpw2hu7pO0drvRxeZMdtrExuq1,NA,NA,NA,12,10000
NwU3W7MUi7dv0hCR7v7L3RkB0Qg1,NA,NA,NA,12,10000
P5hx5siGD7fbtAssxaxMsvSNlYN2,NA,NA,NA,12,10000
PKpUk3kmzdRijkvmUiKpBiuX1fH3,NA,NA,NA,12,10000
d9vq9PKJBZf1WiG0Qc7czBvxWu53,NA,NA,NA,12,10000
oXl0zgoTj7cmeTVjVY9svwjsmRA2,NA,NA,NA,12,10000
KcJwyyLQByOn8hPSiCyo2CnuYJv1,NA,NA,NA,12,10000
CZxU5oNyZnZNXrYE3ckiKgiwacD3,NA,NA,NA,12,10000
sbePJ0ZB5iPsrSFo6jh0oQXqggB3,NA,NA,NA,12,10000
N1FUTJmW6QMEObsuQmD2JxiYDan1,NA,NA,NA,12,10000
SNjWhgd0srhIyJV7ExSV6oo3gs23,NA,NA,NA,12,10000
oFXkGDAMX3MwDvgBsCir63Q6TwE2,NA,NA,NA,12,10000
Ytfm1y7yRIX7q45qb6LKaKyUZkA2,NA,NA,NA,12,10000
IwNz1EfR0QNkx8oNcfUCZUcqajj2,NA,NA,NA,12,10000
i5z7uxXX0fMpntyQ7c6WnfQXJNG2,NA,NA,NA,12,10000
sX0BHCFSGhY7381d8ZRThDuUOSV2,NA,NA,NA,12,10000
3e4OBUU3W9PNSc7uXUje7wGpVx22,NA,NA,NA,12,10000
L0X2XPKzVkMKLKt6TbTMvOQMSCh1,NA,NA,NA,12,10000
yamJO4pDYQdK0dgC5emJ8GS7Mdf2,NA,NA,NA,12,10000
eBjeYf7HoaUeJMDIIi0AaCBnhh82,NA,NA,NA,12,10000
Rz34A53k1wZwnhDh0IjMVVpgFvp1,NA,NA,NA,12,10000
0ikKBgvV7Zg6uDBrlYwXOPAXRsA2,NA,NA,NA,12,10000
hFYRfD4i1fhwHWxVDKxhnbl9xn32,NA,NA,NA,12,10000
20xpdtGDsoQ8X70akeqmtKzUnd52,NA,NA,NA,12,10000
fV2iOJnUq9gupkSCMCvdHTTSA9y2,NA,NA,NA,12,10000
08S0Bno3iUVZwbrKXRaJrO5ynMI3,NA,NA,NA,12,10000
c3UcDwjx40fiAF6YpcHwpCXXoJK2,NA,NA,NA,12,10000
2YQ54FlKH0URpGgUrd4RhYAeclp1,NA,NA,NA,12,10000
c937JlzqRnhXQfb70hCVcVexwtX2,NA,NA,NA,12,10000
7IoWgqOQzdhiQBkbCn4OAqLnc4G3,NA,NA,NA,12,10000
CZkSax7rT6dDCEfT41L9Du5w6XI2,NA,NA,NA,12,10000
Ovua8Lt0qag6YNhn1Fk8spmjjOJ2,NA,NA,NA,12,10000
fT2aQwJ7pZYigB6T2Nt2eXBEGmc2,NA,NA,NA,12,10000
vKlQwh9ZKhN6Pp7CC5NjBZ5OvOA3,NA,NA,NA,12,10000
0NL0h15DyCSQwAVvondKagXIWJ13,NA,NA,NA,12,10000
NLDAGzun59TXGVMmfV35hiXk5tt2,NA,NA,NA,12,10000
Yy8XXxKyGggBZDoCurarI3yq8tr2,NA,NA,NA,12,10000
60hmOscZuzg1iU4FnXG4Vta41Vm1,NA,NA,NA,12,10000
aNJONsuNbZSVhMxPugSDIRPKSyd2,NA,NA,NA,12,10000
vytgGbRynRRA6dpN27QP6RO91FH3,NA,NA,NA,12,10000
A5pMgyBLxERx1zNSFKVwKod3u243,NA,NA,NA,12,10000
akW9Rg5nGxgjn1GzkI66Qg9rEr03,NA,NA,NA,12,10000
epePoNyEWNWytL9jYzvrtRPZhYF3,NA,NA,NA,12,10000
NOPvFuRSY4ZwngUGy615ZA3Vz7y1,NA,NA,NA,12,10000
bE28jSezb5dNCg3P93ur1kfeGR72,NA,NA,NA,12,10000
gODJDHcEd0RESh7K2qESYPcNrz73,NA,NA,NA,12,10000
geoD4ULr34g2LgrQt7z8DQHl3dB2,NA,NA,NA,12,10000
sNAgrd7A3UQd9hO0L7Ol9lrNzqj2,NA,NA,NA,12,10000
hScWWWuqaPbKGlyeleogeNvUnEe2,NA,NA,NA,12,10000
4NZE92m5Q4OViGzB5ywW9WzyNyI2,NA,NA,NA,12,10000
FaaitlqZxBTdZwFwJQR5RcOYdLN2,NA,NA,NA,12,10000
KfaddSSn0FQQZS5eihEngEbMsSA3,NA,NA,NA,12,10000
R9lr3iKPqvgm0Qj9ksGUyb4jvnV2,NA,NA,NA,12,10000
K5WhOfgT6sbAjxttj87ytLx9uv13,NA,NA,NA,12,10000
p4pv3QdrxWOCLSYy9loQCwY95dC3,NA,NA,NA,12,10000
ZwPsEyINS0YRO11BULCfdQEf1ep2,NA,NA,NA,12,10000
VUW2qWoJAefqbse00nyUYa6Nm0m2,NA,NA,NA,12,10000
5BS4j7f1vzdb6ZiAEXoxFGDNTQ62,NA,NA,NA,12,10000
67KZSGUdt3OBRFVjciRtfwvLtOw2,NA,NA,NA,12,10000
z3CkJ8nDs3dGOenCi8rUQ6FjGRz2,NA,NA,NA,12,10000
kff9ka8ZUXRS9eraTUjjgPqiW7h1,NA,NA,NA,12,10000
mEj4RIYi52YZnJdXaf8fOvZyKpv2,NA,NA,NA,12,10000
r8rG3tOhGkdaISzXGY5RVAFMcLU2,NA,NA,NA,12,10000
Difyr3KCelXVQqi3RMFNovBaXQk2,NA,NA,NA,12,10000
8oDkITI2NYV0fARzARnRXZu4aE63,NA,NA,NA,12,10000
IZK4m6g9G8Z20vS5fiAUoElAGnD2,NA,NA,NA,12,10000
vHeZ2yMx2sMLdwy7bKWTpW2AgiE3,NA,NA,NA,12,10000
aXQWRvB2RjgP0QxMFjn0XEwF08n2,NA,NA,NA,12,10000
09AADi89gEUIO3UPlq1pTHnCbw73,NA,NA,NA,12,10000
mDyto2IAYMaGBMbeuxxiuicWX8j2,NA,NA,NA,12,10000
GxvUsW5EiocUMu33zUSCDWn07HL2,NA,NA,NA,12,10000
ei9nLfuPsbgRwuiGIvMiv4jMP0r1,NA,NA,NA,12,10000
sbz0VTuU6SMa9VNECROKNhBnLqC2,NA,NA,NA,12,10000
XVYsEx4x0qZS1MadM6L0m24tkOA3,NA,NA,NA,12,10000
Iwh4kAV3qFVPju9GxRRET47VeeF3,NA,NA,NA,12,10000
c4fq4LOrQDb6hOSkgI8MrtsQmtl1,NA,NA,NA,12,10000
diy9wf8hBdbAwWXJPYOBcqrL4AH2,NA,NA,NA,12,10000
7dQPBYtJ17d0bK7yfmd5PYHNUvf1,NA,NA,NA,12,10000
fzNoikVg3KgSabITV605yg0EMUR2,NA,NA,NA,12,10000
FPV0gdYovWZWbXM1Uy1nbfvzUzl1,NA,NA,NA,12,10000
B7nJ55IKJAX0uLqDfNSPmVGtL0x2,NA,NA,NA,12,10000
3LOE9NUDg8Y73vJbcE40VhmSAzm1,NA,NA,NA,12,10000
sWz8BAAILzUKNpqJXMF7yLbdhVi1,NA,NA,NA,12,10000
0LNtEpRBYHY2ziExwHBDINK32fS2,NA,NA,NA,12,10000
HyWrjugo9XNCvFq2XzKJmmb8zcj2,NA,NA,NA,12,10000
7u6011enhLNzWauSXTaZbIYAuWz2,NA,NA,NA,12,10000
w7bdiJ014FfvYnzO4pGo7CphfL73,NA,NA,NA,12,10000
2U0irc1HaaNdAwnb4h1X41sirIu1,NA,NA,NA,12,10000
VZFNnhgO9ihaWcIdEYE82qGsdxv1,NA,NA,NA,12,10000
YseH9PQu6hWkf0gYzaPdsIih0np2,NA,NA,NA,12,10000
kwOc6PnpVWYxgVBnPxPPrtOCbc52,NA,NA,NA,12,10000
RlzCpFq2qORgs96z2MJmQV7zmTs2,NA,NA,NA,12,10000
FEMmXst8qJb4oXOt5kPRiV8qTbT2,NA,NA,NA,12,10000
nDkAQSguXqWlmw0RsxAY2COlB3o1,NA,NA,NA,12,10000
n8OisWlyvtMY82pEctpWkSki6LU2,NA,NA,NA,12,10000
opoCKw7k67PawAA2xkcYf7fKvly1,NA,NA,NA,12,10000
fWVeZwt6cleIIKmFnBfdsPbBIb53,NA,NA,NA,12,10000
qsIZdcPkzNZTb6B2wMdEWtjXa6Y2,NA,NA,NA,12,10000
SSja4z1VmcQl1wrsf8J8rPRKHo93,NA,NA,NA,12,10000
HBtntfmxrJOkuDQw5bVdBoLfmqG3,NA,NA,NA,12,10000
FHb0BgQ0Dcc4eqOuTsLPjYF3OR33,NA,NA,NA,12,10000
AOF7tQpZOCbkdeEXkw1LCOGoBp33,NA,NA,NA,12,10000
Z4xdYbVibtU19RhrkUuHWoDnYPh2,NA,NA,NA,12,10000
zhrak8W7zgfjvfOrRxw3UvCnfSP2,NA,NA,NA,12,10000
IyYPVFvdLpSo1L4jMh6uzIHoJBe2,NA,NA,NA,12,10000
xiLpzUtkupe9RavJFxbORb5VfiG2,NA,NA,NA,12,10000
9IpiH56k6kPPRH3m5xBhnH6PAf03,NA,NA,NA,12,10000
qZ76O0ecIGeITHFV4Z9V86UCGiF3,NA,NA,NA,12,10000
cMy2vBzQJ5hXgJDfcqCdwMWS3eo2,NA,NA,NA,12,10000
rKEvVWjBBwYbQQuobSGYKIWqlU72,NA,NA,NA,12,10000
AyLJPwCqgvRN74fy002AbUb96LJ3,NA,NA,NA,12,10000
LLKa1cD3YTbYIYdaeiReBbpPkzi1,NA,NA,NA,12,10000
BUkYKhJi0bbuayKThl7niTQiiEt2,NA,NA,NA,12,10000
V8FNQrqE7qQxOKfeocOc4MRcmuf2,NA,NA,NA,12,10000
JhdfCFVcfwh8XmnBvDgkCbt3lZF3,NA,NA,NA,12,10000
gEKYn0DFsEZGVvp7c3cNOL1kacz1,NA,NA,NA,12,10000
vj1uxRkZVeROGPsdTSspAtN6rKH3,NA,NA,NA,12,10000
Ob2V4SOfEVOePzUfKkuQC1AVNss2,NA,NA,NA,12,10000
Ji4DkYqCApZdPhNUUatMMqH6uTf1,NA,NA,NA,12,10000
3mHeeVgU1bZYWIdAMNQFlc6T3d92,NA,NA,NA,12,10000
5epllF5dxpgP9r0MkCMoJEtJLc22,NA,NA,NA,12,10000
aIy8kPWeQUNqwbbiIcq4JWU8Jwa2,NA,NA,NA,12,10000
unaPW2WFkWNdI7f202IOmlyuQbj1,NA,NA,NA,12,10000
it9aCGJoRFdOjykYWvlMEroglbC2,NA,NA,NA,12,10000
MHXxrauflbW3JeAniBo7k2rhaEe2,NA,NA,NA,12,10000
vQxdKmm8SVV28buoEqsDCNMpAZ32,NA,NA,NA,12,10000
y4o1y9auRSfaMJh1igY69AxCBFD3,NA,NA,NA,12,10000
ryJopTE4I3MVRQVvwbD6kUj9qXy2,NA,NA,NA,12,10000
9ItPbcJrTWWO6V9f34FVzWqQjYw2,NA,NA,NA,12,10000
QvRnwTVVraM3j7HOxr0HDzyjnb62,NA,NA,NA,12,10000
t7vysggjtdXI3s6BW2np6gvLMQW2,NA,NA,NA,12,10000
k9KWYsHlBghABfk90wRuz4oJARh1,NA,NA,NA,12,10000
0I0QG0QDJqRxx8JhhUsvNea6TuR2,NA,NA,NA,12,10000
XoOnSC5yRyPkgwP65Jw09cobxzq2,NA,NA,NA,12,10000
Ml6fdSgVJ3gGOS1HYOB4RJBBebC2,NA,NA,NA,12,10000
dCiNZJQWDTb7qRcvBx668FoMnd62,NA,NA,NA,12,10000
ctD6bseBiDYaxUX85gqU7hybSLB3,NA,NA,NA,12,10000
qHtEgFqpeIbGLQ2vibgXSOR0FgN2,NA,NA,NA,12,10000
DszOWlTFucSi4McQKGyzSNmrTCi1,NA,NA,NA,12,10000
OcTO2j3neAa507vvez8zIrgMdGj2,NA,NA,NA,12,10000
pX8FJQmVyZYrWjJ8QapEdJSi1kR2,NA,NA,NA,12,10000
IUJr21W1HrN2Q1vSe9c7UZTYMiT2,NA,NA,NA,12,10000
sra4DpLaDwTP3U6fpjkaawG6JFz2,NA,NA,NA,12,10000
lP9Z4FgvxhTbUxZ8D1DQvRRRunB2,NA,NA,NA,12,10000
LgsKGBP3ARdmuD9fdlkh9UDteo63,NA,NA,NA,12,10000
elw7zx7sWqTU4oSu8CxMrslIOab2,NA,NA,NA,12,10000
fmnz7G0lx3c9BqEECkh8c8VFVN02,NA,NA,NA,12,10000
ujP5EwElmvWHzrgCoBg5UEnWoq32,NA,NA,NA,12,10000
TKXQmGEp0WWN5MobLX7trJFKBwf1,NA,NA,NA,12,10000
3s8OENDllKRCq90KyZi0woaZlpF2,NA,NA,NA,12,10000
A6iK3h7XFhSYQ8dThbnGF7BXyE63,NA,NA,NA,12,10000
35AAe1j4OpWk1PFdhOhJdDi4Vry1,NA,NA,NA,12,10000
AARsRY4a8dTpThgU7X7InlM9GQA3,NA,NA,NA,12,10000
shfPkQ2zeRWNdl9CCWDxPIeb9K93,NA,NA,NA,12,10000
Dtwmkzbg5wWpsHcm8ZPWc8ZMBTa2,NA,NA,NA,12,10000
hJD4Rwy1Gbg8XnsWcSQ6Ar98G4w2,NA,NA,NA,12,10000
HtBu0dzsJmRO7VsznPhA02mO2fQ2,NA,NA,NA,12,10000
DwpIMSFOCKWudY00WikEuBVu16g2,NA,NA,NA,12,10000
UjX37BLoP7gPt7dbDTqh2GZvLVy2,NA,NA,NA,4,10000
84ib9ZWf88hFWi5iGi6p65LBlan2,NA,NA,NA,12,10000
CQUpzmqsxpYLUqNs754OEhe7TGJ3,NA,NA,NA,12,10000
hg6JYLWnpeSqEVGlov5tN7lmNOi1,NA,NA,NA,12,10000
CODJFbvzJcU76KWxb5Litu6sunR2,NA,NA,NA,12,10000
8VAyVruYrofCRxuQfjjKJ5XZu8I3,NA,NA,NA,12,10000
lkgMT4oNPZUjuasBXQuWMHuHwFI2,NA,NA,NA,12,10000
xgVCttKeWLc8BG6hYeGGvFvEiVQ2,NA,NA,NA,12,10000
paZvioGAoIaFwD8CED67wjJrz3k2,NA,NA,NA,12,10000
tKSSRnOzIlQB1IDgqZ8ibqSPOm52,NA,NA,NA,12,10000
TBoO2smntzebCRF5GOyOwhgBE2F2,NA,NA,NA,12,10000
TZqa0DyBCTOzg1w5XBVu9xcgr133,NA,NA,NA,12,10000
0bgy9Ol92Fay0kAYgYcIMXNXov62,NA,NA,NA,12,10000
NH3UQiZa3EPHh0TKtosUnIJ1l3E3,NA,NA,NA,12,10000
nmqPYgjU5WYUezrYDe7ltci87Cf1,NA,NA,NA,12,10000
SiuGEZ98CnNVRZL5qEfvzbd16yN2,NA,NA,NA,12,10000
a8POJefmYSPDwOYjUJbxQKQ1z2b2,NA,NA,NA,12,10000
pbn48mULIshatVCsN9yKPzdFyvA2,NA,NA,NA,12,10000
ZDu39mPsDtMHg87hZEYeqtzftjs2,NA,NA,NA,12,10000
uxsu0Wz8XdYbxSNDvbaS6vShXVm2,NA,NA,NA,12,10000
ElE6UXgpqvPN2TmvUXsBsME5cjz1,NA,NA,NA,12,10000
YfFuGZ4hg2aMPhNM6RMLUVbe4w42,NA,NA,NA,12,10000
D016oweemKSUaBmVQE3RHj8afMI3,NA,NA,NA,12,10000
jz3AS9cqTRhPiT8A7d7q961f38k2,NA,NA,NA,12,10000
L3nw2r5Sh1P2Nq4Xf2cN2FsqgjA2,NA,NA,NA,12,10000
x1ojbBSfMaTwWdBVnItYibSXnP62,NA,NA,NA,12,10000
OJye8WyychNbmZ4MBiU9VVUhJPM2,NA,NA,NA,12,10000
0UwfDPAxcreSU06JOuRFuEpwyUK2,NA,NA,NA,12,10000
DH4474qDrvfRBCBFr7SV9KdqHNE2,NA,NA,NA,12,10000
ssniLoVzcbdHb46pF5O9CIJNuvD3,NA,NA,NA,12,10000
AH64kpXaB7eyrFTywZiLafnZRxI3,NA,NA,NA,12,10000
0k2vkB1fjShu6DEHfOvFcfr088y2,NA,NA,NA,12,10000
WG8qW82PWmNUI5Dj6qFjN3xozkX2,NA,NA,NA,12,10000
jhHtHClzmiS7yK3wabUgj1KIe362,NA,NA,NA,12,10000
8cgQJ3v0UHf4QTirW4mU4TnvAcD2,NA,NA,NA,12,10000
gDPY7q9ofCUI2SlhuG1CvlDDqLf1,NA,NA,NA,12,10000
hQxw57C4f4afHIE0OrIocw2AOTZ2,NA,NA,NA,12,10000
BOjBB9o8bOVn8IDOCSr0hH2ov903,NA,NA,NA,12,10000
VvJZBmZ5MreariVIR11KQoKyNyH2,NA,NA,NA,12,10000
dondr9KNsEWOlQFVYdsBH89pNWm1,NA,NA,NA,12,10000
xtTL0GbL2VUXj6kNgxIDPPr2pLS2,NA,NA,NA,12,10000
AJ7WrqSoiCO6kjqhFlDGKQF5elh2,NA,NA,NA,12,10000
XOUc501lzFPfYTp1gVRAU1k99pl2,NA,NA,NA,12,10000
ishu959NbLNOFssjCKoSZ2xqIyk1,NA,NA,NA,12,10000
WeuDzdweOEae6UuZBjXQMTutmfT2,NA,NA,NA,12,10000
DtKywPvRkYgJUF4rKRbyO0KosQp1,NA,NA,NA,12,10000
VcufOOYthbeKwBSL7XwHgP8YwaM2,NA,NA,NA,12,10000
6oQj3cOcnLbmICHNYmhQCLqQhpM2,NA,NA,NA,12,10000
SeeaQbNGm6ghpDs58rMi21E5kiy1,NA,NA,NA,12,10000
hstHFTmyx6ONQ7bYymhruzAkAZb2,NA,NA,NA,12,10000
0XpIJB5kXsSW6zHzRZLfu34qlo82,NA,NA,NA,12,10000
wlnPL1fy8USi4UCqujpjMNouONS2,NA,NA,NA,12,10000
yOTtbULQx8hSJ7XBik09NcCWf2e2,NA,NA,NA,12,10000
VfmlrkUHN0WA1J0bw4RGPWoMxil2,NA,NA,NA,12,10000
evsJ31m6kTWip9gJxvLI6JhauSm1,NA,NA,NA,12,10000
eR78CZKZYbbo67RoMaJaysslpu52,NA,NA,NA,12,10000
ZwRr7AY2rCRPr7ZGxyaPaHSgczE2,NA,NA,NA,12,10000
AKsjtm4NyQVcsvdYzMkkCemQpY72,NA,NA,NA,12,10000
UMmx31LtFJUARoSzvrIC1HizgmN2,NA,NA,NA,12,10000
tJAKtyHfhBRhjU89n0q4aoeygEV2,NA,NA,NA,12,10000
gA1QOaRHmidp58wasLWhze5xLSw2,NA,NA,NA,12,10000
LqbHlu7rQSZuSRz3CZRHwTMTTJR2,NA,NA,NA,12,10000
zjQ5PvrnEqgIncfUN9dQmPqTjFy2,NA,NA,NA,12,10000
E9AXMHvm4KUr2RNHaOKFhTLDbl42,NA,NA,NA,12,10000
SsusW1MiINXj2QvpZADGz18F65c2,NA,NA,NA,12,10000
1mr2rxYv0RaiSzhlZPUMv6wPQ4A3,NA,NA,NA,12,10000
VvMJKr1yATbPrO6DCfwJ3nldHIr1,NA,NA,NA,12,10000
eQoFJ6Am6rNRDeX6GNTcWfMdQuK2,NA,NA,NA,12,10000
1tTPKjEA4TM4K860uq4YAG7Ii402,NA,NA,NA,12,10000
zWMHJrl2R1OqE3S6vfTj5KWN5Wy1,NA,NA,NA,12,10000
0LCHrD5PhWOJCM8baI8KnMfShCs2,NA,NA,NA,12,10000
08jSACHdeaXtSOzPAyuoT94D9iU2,NA,NA,NA,12,10000
b5VXELhvNKcEBdAPXespuTQ59LE2,NA,NA,NA,12,10000
hlcBTcHU0KQU7wesSN6yuXdnjSF3,NA,NA,NA,12,10000
Hh5zC2P23XaEPzWmwPrruqXnX3T2,NA,NA,NA,12,10000
m7HbuhAchffP3K2V21qJsNxTGa83,NA,NA,NA,12,10000
ZBSkhBmbWZYrVD0uuOS5vv0Uoy63,NA,NA,NA,12,10000
3wPU0X9kIoUHm1MPqKz3URrbb252,NA,NA,NA,12,10000
f5gNVppKRHeop8sFKvxRjYwd5Rd2,NA,NA,NA,12,10000
T3ZDBcl23gRr8yqQM6qN3oys5sE2,NA,NA,NA,12,10000
2WX4sIYFH9czb3dE9616da4ERey1,NA,NA,NA,12,10000
6hzXOriZXTM6KlPfh3ypSAQheZI3,NA,NA,NA,12,10000
xySlEBfwVbWvxMHw5KENEZqzUqu2,NA,NA,NA,12,10000
7gHWAcVEZAM1ehPkNT0gJvPN44c2,NA,NA,NA,12,10000
13eavjR5iaNfelLab4E78bPGJZL2,NA,NA,NA,12,10000
PLK2klxyQSOVQB1nZ9S6eYiyjky1,NA,NA,NA,12,10000
Ci8qDojeO6Q0yNoz9iXhBZ7u3XB2,NA,NA,NA,12,10000
bKdI2rP9XcR7TAniCTyogSqxS5q1,NA,NA,NA,12,10000
TXrRwc9AFjUJxsFara3OPLN6p7g2,NA,NA,NA,12,10000
EwpibOTlHNMZiuX0wpOASVWDP9X2,NA,NA,NA,12,10000
601HGGUpPWOezPysWY7doW4LJHK2,NA,NA,NA,12,10000
kI8nxMkJKzOf18qj2K6QL0S1RDX2,NA,NA,NA,12,10000
3S39GD2w5NgSJXER17IUuTN7Sx72,NA,NA,NA,12,10000
lJoPoY5ecQPzJsO5f7YGriw7YN63,NA,NA,NA,12,10000
GwuERCOjIAfzg1cnFbB79xktnEI3,NA,NA,NA,12,10000
r9rpMb8ZaAMlpeLxvufoopkCFfV2,NA,NA,NA,12,10000
B1aBbSwaLMMI1MVPTdr9DfwYuNq2,NA,NA,NA,12,10000
nUqdeZUKlLcr9tWsOZTQ53hplEW2,NA,NA,NA,12,10000
EooiCFnREjheL4TELGq213KCNEw2,NA,NA,NA,12,10000
sWRaau5l5AV4XukPc4MCaS9Dz0K2,NA,NA,NA,12,10000
rkGaBz0yFnXsAzDTMyEzfxU4lFr2,NA,NA,NA,12,10000
1uwKD9iNoNRFynYDXSwC5NKd7ny2,NA,NA,NA,12,10000
OOlaKCjHUJbV5sHyNcIXD0IsPBV2,NA,NA,NA,12,10000
KfkFgtTgM6Px4CQXwBwnnuT63hk1,NA,NA,NA,12,10000
Tu2vZzevzoaldFROPxf625TewZ62,NA,NA,NA,12,10000
t9q3LjmzeOTH8f8PjrWGcL4cq262,NA,NA,NA,12,10000
Mz9LPDfMiQYqRMjVYUCYJnsXrWI3,NA,NA,NA,12,10000
eCGVowwAd3aHeWcwMLG7W7TigBo1,NA,NA,NA,12,10000
HKpQyleSsUaeLyQ8aEoazUXXfjw2,NA,NA,NA,12,10000
OX0hfmURffheRKKTCl5zHAUWjAJ2,NA,NA,NA,12,10000
0kqJPvS9E9bhQpo1BdimQcj28Zx2,NA,NA,NA,12,10000
mbnk4lt9d1XWiOerDlOyUMkzkXH2,NA,NA,NA,12,10000
r4lFPNcEA6OnP3xnktG1CFvVVHR2,NA,NA,NA,12,10000
60rQ6HWFTpcpJ7KItwQ30oD0xOn1,NA,NA,NA,12,10000
ant8w2EDQAcZmjy2ga2XlpasIeR2,NA,NA,NA,12,10000
kJMLyXBDlDQq4wCxNS9LKw3mCGG3,NA,NA,NA,12,10000
AaJA02vPgWSkRBRtobysOBScocq1,NA,NA,NA,12,10000
qSj3itFQuWRUmhXnCqO27x0Vsf62,NA,NA,NA,12,10000
WXFze2vXAlgzMbfoEb5lyR3xQaE2,NA,NA,NA,12,10000
yYaX2dd5iWVQXPWCkrlU7gsgHDL2,NA,NA,NA,12,10000
S3KFrkKLTfQqYzIDXBJ0BQH4sW63,NA,NA,NA,12,10000
JBCVXzWrFAYI99WM2Bj1TGuHRhC3,NA,NA,NA,12,10000
PQ0B87NJoZgESm81Ltf8FUyq42i1,NA,NA,NA,12,10000
fHJYZZA5kvgsvQyZeMzb09nF4gt1,NA,NA,NA,12,10000
pKuHClqTM7N9uglVXbI9Da4P4QY2,NA,NA,NA,12,10000
EgSpq9W2nNQm82asyOtXYA5OBrh2,NA,NA,NA,12,10000
7BFv9UKEY7TdZmvbsLRpko9LIPI3,NA,NA,NA,12,10000
KoNAG66FxUUYism3JWPj9asqQPu1,NA,NA,NA,12,10000
jY3B4sozqlYiSiQMMK4dPvJc6EB2,NA,NA,NA,12,10000
GgRhO69OxuM8P7qznkyvIjvhEAC2,NA,NA,NA,12,1
WDjyuaYWbgZCBWXU9x2xWREPbpL2,NA,NA,NA,12,1
yoLXP2wxTlWExRD8UTwyh7Up8II3,NA,NA,NA,12,1933
AhtgIfcpuvenpUeBJp2qV1bOaWE3,NA,NA,NA,12,1933
ifSEq4x70ORcFNNX8DJ9LjKNDpE2,NA,NA,NA,12,1933
49bVVnRGbtgyBSmtcbnxGImnzsc2,NA,NA,NA,12,1933
apidER4RsjMOCthxKN053Ar1aNR2,NA,NA,NA,12,1933
TguV9Nq1CoPtVgPCqbyiXsUiMFw2,NA,NA,NA,12,1933
HzjETcUZy4bQfQZ6TuG9TpMuafE3,NA,NA,NA,12,1933
HeoKQUpOraT2bPUZHxCsvEkZDaG2,NA,NA,NA,12,1933
Mhk7aBTUxxXoJs1frfuIJpPRWsx2,NA,NA,NA,12,1933
TuDbXn0kxmNOwaRdbHM3inyxHFJ3,NA,NA,NA,12,1933
ifxj0aquajWT6CVW2p8hkSTVmuM2,NA,NA,NA,12,1933
eGXkPy0EU0hTA4Nzj9ljhcRAnGe2,NA,NA,NA,12,1933
icemHY5Nc4Wslgn4MqeM8yrtl1x2,NA,NA,NA,12,1933
xvBa711qzWWy89i00dYwJvVKpVB3,NA,NA,NA,12,1933
E4KxScEzbEThlLHJsvUDPYmQTyN2,NA,NA,NA,12,1933
dyTaAckvVrQHqPeVxuP47adiqeS2,NA,NA,NA,12,1933
SDgogeCmgzcH0iqbhgfOyuX2vJF3,NA,NA,NA,12,1933
hwFdrLwWkEVMyGeMXoI87zUrABn1,NA,NA,NA,12,1933
Kv0v9YYM3ogWmT4VAfwKhBp0BB42,NA,NA,NA,12,1933
T8L2yPwQcNalHJcb005SEh7wAGv1,NA,NA,NA,12,1933
991ZTlYQ1scu8BE3jhP1sgIU4wU2,NA,NA,NA,12,1933
blsOKe8plogxRIFuf5nBtzRywQq1,NA,NA,NA,12,1933
cHGJOA1Q54UfhYrCa2ialbWBSAH2,NA,NA,NA,12,1933
tUA1MroNubZZt592pVjUHq53EVU2,NA,NA,NA,12,1933
kvxxvqGLbzTyVfRN4c69njbHcX03,NA,NA,NA,12,1933
c6zn755T33MaHUKZEdYsm9G376Z2,NA,NA,NA,12,1933
E9ATIYXH2vNY5hd9Vt5pG011Wqa2,NA,NA,NA,12,1933
4RwkHQ4uTqMj1muQPHsgadBbaeh2,NA,NA,NA,12,1933
Z6EmiAvXr9OjXNzvxMrcI0B6ASJ2,NA,NA,NA,1,1934
8L51vrndwugUz6jTwNeWsq4MhLv2,NA,NA,NA,1,1934
Z35s0REhyVSYBkSNEoZ5rMuvnv52,NA,NA,NA,1,1934
2f5gXf2s4YR2Q9V5JCMWx4KbvzC3,NA,NA,NA,1,1934
qtk619KQgEeNJA1Wp5VHOk4aTLU2,NA,NA,NA,1,1934
wERmwMgcF9ZfPJdeNMJEnpbMrpx1,NA,NA,NA,1,1934
srL3ctAyNJRVOFJmgcBkKm6dc853,NA,NA,NA,1,1934
QMI7TW2Tt4dQlhkth52B8IJHonh1,NA,NA,NA,1,1934
HRTyDIKtgrRm9Y2ZRgKoRSnVssg2,NA,NA,NA,1,1934
EwhqqlnILVciqJcIpdfMAzkWgS52,NA,NA,NA,1,1934
nLAWBHuJj0PVIOg7UP5fvBELpRF3,NA,NA,NA,1,1934
LpPgBATA9hWAXBoeaHOoqDztahj2,NA,NA,NA,1,1934
cdsFwUffk3cMH6CZ7tCFDEbTkam1,NA,NA,NA,1,1934
dUhYD7IwDFYLdha6Y8itB7h1L9h2,NA,NA,NA,1,1934
OoYUKD7q42SpYaUvS6GchuHWLYB2,NA,NA,NA,1,1934
AnoOX16fMGYFOxCsrMGo2i0gGHE3,NA,NA,NA,1,1934
WrdXYfw1HkUxjBW1nDcxLV1QUoH3,NA,NA,NA,1,1934
hlrgCltCmiaWbGV5j1K9FgoLWXm1,NA,NA,NA,1,1934
CkRHqjUy7re87Cch7fhwIn2eKXp1,NA,NA,NA,1,1934
6PIxT1CjccXwc6xRx9UTUpaZ8zj1,NA,NA,NA,1,1934
wFnYxQ6vgeT5fIEd8kWalGHDWnL2,NA,NA,NA,1,1934
o2iCXh3sO3PoWv9FWT2SlBisv4g1,NA,NA,NA,1,1934
KJdIefZ3QWX0Ge8MOXEhwmi47Xm2,NA,NA,NA,1,1934
V4cDJQP7J1Sdxg9J9Kx8QAmufat1,NA,NA,NA,1,1934
BRbAzWAAdrTtZuQLzpaMKsYS3h12,NA,NA,NA,1,1934
AvUGFtto2ySWIu2d8jY8VDQhtIy2,NA,NA,NA,1,1934
cR5eAmmgegMsoH0lzfmE7iJ6J0o1,NA,NA,NA,1,1934
Ilpt67RmuHSLJA7UikMegsgq3Ra2,NA,NA,NA,1,1934
nPVo7V4PhQhmdGb2PyoDlt2YaJh1,NA,NA,NA,1,1934
ZOueB7N92WY8uWj76eBnsAWG8Vq2,NA,NA,NA,1,1934
aR4IRBN83gNiwcyuvtum0dWqsem2,NA,NA,NA,1,1934
pZjpK1igEMW1mxHBocb7Sny0Fdg1,NA,NA,NA,1,1934
DRTFk78EFvTpSkbUzlv5uNBkVgT2,NA,NA,NA,1,1934
vGZIZxv5H0VFI6iKaW40t0pOQQA3,NA,NA,NA,1,1934
BX5WfWPjwfQUscllEFeFUV9V7Tw1,NA,NA,NA,1,1934
AOUnG56V5balIlxzXljfwQkfGeP2,NA,NA,NA,1,1934
ooHgXZ073TYGASXCKulBQWtSgNn1,NA,NA,NA,1,1934
3jPTr8SskfVGZpuKS44YzONHzps2,NA,NA,NA,1,1934
zTB3nPEOG7RXAg5AA0R2yaqOBJA3,NA,NA,NA,1,1934
dDVlYDyNGLOKcBWYFYNsiuhI3yw2,NA,NA,NA,1,1934
VQBhj7yVPqMWj17gFva5iz1HYeo1,NA,NA,NA,1,1934
oH31iklWH5SNrAZz7Od6gYXNYAG2,NA,NA,NA,1,1934
o8c5k7mgFvNSHPP0IcggypLHd1w1,NA,NA,NA,1,1934
KtMU1xPA46VQdT4zWIzsN7XgJWx2,NA,NA,NA,1,1934
Fz5rYXLJ0aOQ3I36sluKB5kEOZj2,NA,NA,NA,1,1934
05VJ3Fk8wLgaZFAqpyi4Qs1htox1,NA,NA,NA,1,1934
DRMogeW10aPeVXzaEUzmw82Db4r1,NA,NA,NA,1,1934
gYiwGRMmcLWCJD75SuuAFaHvCsG2,NA,NA,NA,1,1934
MX6e8LCMhLMTPV58v2m25QEJDjq2,NA,NA,NA,7,2024
UQtliOX5vBSuhy2y1L7jIqQAGDc2,NA,NA,NA,7,2104
SsF79CQ40CO3TLJ0mWpVeTharxP2,NA,NA,NA,12,10000
EDbwLfqcXiVH6gfdZ3fJBit4bds2,NA,NA,NA,12,10000
dG5Vw2vNtOY3e1dyqG1WGwClYng2,NA,NA,NA,12,10000
2Bm26IVaCAQ7FbqtIJD1pKau0FH2,NA,NA,NA,12,10000
DAnshhpK3hNvwd140PzVLPtqFwH3,NA,NA,NA,12,10000
c2YoZT2nfyTEJ6cqpnXa5GEmM6z2,NA,NA,NA,12,10000
0OOAd8QNUNdyI7TJ8h8YP0skT843,NA,NA,NA,12,10000
uZ0QoNvMAVgZe94OkrvLLD0SY3u2,NA,NA,NA,12,10000
97PHato0kLeCtxAdyElPTWceX9S2,NA,NA,NA,12,10000
U6Pc2cu8sTbr2NKDYSNxWlXiV4w2,NA,NA,NA,12,10000
5XAmwIQ0bEWieBxVUK2hZaIx4iJ2,NA,NA,NA,12,10000
0quxxX5u6ef1ej1g17EBCR0FyOK2,NA,NA,NA,12,10000
50ZgkpDb7ic0H5X4JfiIdCMxHbp1,NA,NA,NA,12,10000
zw7wjI80BDaO7ciz76M1DUyo9d72,NA,NA,NA,12,10000
o49S6L8WInNsgYKpWdLnAntOO9x1,NA,NA,NA,12,10000
nquDQHyOUBYLLCzNC6lkfDbx08v1,NA,NA,NA,12,10000
DrM8WK0eXae02kfTTLGWmIzFrtg1,NA,NA,NA,12,10000
T15kldsxQoNMOhmCgkQ3exAr0PB3,NA,NA,NA,12,10000
gEtRTSwwf2PXJim85ZgLEufVTYj1,NA,NA,NA,12,10000
oHOCiUrr1tRV0TnJIgYVUq9rvK22,NA,NA,NA,12,10000
0dmqplLfTpd9E4Oa7dJlf6wwrfG3,NA,NA,NA,12,10000
AGgGEK9J1veFiTIQyc37yR6IV222,NA,NA,NA,12,10000
vh297RL7rNT4YH0o2ZWeGBWyG8m2,NA,NA,NA,12,10000
cxdNuunpKUOiWOCn0foKIsx2i4w1,NA,NA,NA,12,10000
z5bsBHOtLZWPtcrDRZT2gXGtCdq1,NA,NA,NA,12,10000
ym81t8Ek6mYEpCQxz0gLC3Hbnth2,NA,NA,NA,12,10000
dcl1tvuWaYSrwKO4Ggb2BwMeWTB3,NA,NA,NA,12,10000
1oXVdy8tWQcfihNngIP2a1x8qxy2,NA,NA,NA,12,10000
T401s9piwMbiRLZJOZu1g9OB4xn2,NA,NA,NA,12,10000
UUUaId7he6OiUaurNlIPTVagKVJ2,NA,NA,NA,12,10000
B08d1coR6cS0ZLyDqnlrKtSKyw83,NA,NA,NA,12,10000
Gw9Q69mLhoWcDyozVXndlWjqqIB2,NA,NA,NA,12,10000
NqT77B1iUwST5tw0OUMTEiWnv9D2,NA,NA,NA,12,10000
kayU9eBLcUM0jDxb1dTMZZHuXXm2,NA,NA,NA,12,10000
EzdOkdl8rTRBG2maP0gDgNt8mxJ3,NA,NA,NA,12,10000
NUqpC0zpYVhhLfLh59DVius4JmX2,NA,NA,NA,12,10000
A2nsChYJglQBvv5znNrxZC6qc6s2,NA,NA,NA,12,10000
21iaFccH5uNjzo1gE8C7cgf5p5y2,NA,NA,NA,12,10000
UBrTsDntu6SIZV1J6PRuMrPiKtg1,NA,NA,NA,12,10000
T3fymLOYccPoe184OxX3e3C6rKi1,NA,NA,NA,12,10000
ya5aKWYYomN4qlZNp90psiIrWfu1,NA,NA,NA,12,10000
aTOgHJvW5vNrzZPzmUQLjkRPNXX2,NA,NA,NA,12,10000
31svVUbDZsPIoUan5VZnSUvEd3t1,NA,NA,NA,12,10000
Yt4QlGXWGIUquvPXQxqNuTTNQsu2,NA,NA,NA,12,10000
5dH75dMbC0XriTAiyyAzhlvIfIZ2,NA,NA,NA,12,10000
Bj04lXmwByM4mM3jV3saXLk3j5C2,NA,NA,NA,12,10000
5g9xDC9rPffLIhG98Z4HIvHFTpt2,NA,NA,NA,12,10000
nZm7gJ6vebbr3mxeYl7jUnLLVOz1,NA,NA,NA,12,10000
0Fou7L1L3GZ8k7qpEOYmY3HlIBa2,NA,NA,NA,12,10000
7o8m4Th4jgSTOmUYRBWqTWPhlWY2,NA,NA,NA,12,10000
4tavhYDAU5PU4dTpVgSTa4nPUBN2,NA,NA,NA,12,10000
1WztzAxsgRZEeKbeptSnsRvKwyM2,NA,NA,NA,12,10000
tUkhf0iWKyZp2AoNgfrLeGxRJqW2,NA,NA,NA,12,10000
3sDTctgAaBPVUgyfkamkHCE7tUk2,NA,NA,NA,12,10000
l0veBsH8GTdLMtj558LE59fF5x63,NA,NA,NA,12,10000
mw3ZND9tJST8FNfvZ41KvQjh3wB2,NA,NA,NA,12,10000
snZX2Wde0RZrRXvZpOJEaEgcJTq1,NA,NA,NA,12,10000
uhsxvKCN5CMKUqVD48Ldn6oCZFs1,NA,NA,NA,12,10000
mTsuDMNzpBbDf0xSpvnHqowFIoE3,NA,NA,NA,12,10000
rVwiS3foeyMv1DMFurZiacd5Z8f1,NA,NA,NA,12,10000
EKKew82pPRVmjvCjIDHkjQ1RUYv1,NA,NA,NA,12,10000
oUjGoXX630P0saTkUFi6jDQp05v1,NA,NA,NA,12,10000
0vDbmIuBPqNCX2nhgNduIcTtjjf2,NA,NA,NA,12,10000
ge3GvAphNAUdBq44alujl49pDMJ2,NA,NA,NA,12,10000
JsDtjWqRWoRLO9xrA5uVwKSch9X2,NA,NA,NA,12,10000
C3htrDW6QxS9qtQI3pk4YTNZEo83,NA,NA,NA,12,10000
pv4AdRKFJ2TE5Jb3gX9KEbvtrSs2,NA,NA,NA,12,10000
jafAmuUipJYB3WK4NelMVcG4tc73,NA,NA,NA,12,10000
Tuleugcg7za5SRgTijQeH2weHD43,NA,NA,NA,12,10000
litGtxCHNbWLMSNRiye2WT4vGnB2,NA,NA,NA,12,10000
HQFMRFJAxXTaZ3LYANVEYcVK25z2,NA,NA,NA,12,10000
dXacPYiSZZQDTMgh57MJSZJ2e1R2,NA,NA,NA,12,10000
ISp6RzwYxPYmwLS8GJKFsmgPNUI2,NA,NA,NA,12,10000
epEp8OBObzaYljen5uIdD91pjGu1,NA,NA,NA,12,10000
H5SZEgnlJubTIMiPvFZOpldIBoh2,NA,NA,NA,12,10000
0K5dD1FxvDaCjTO39fojp78DFoY2,NA,NA,NA,12,10000
P1BJLJaQAZf19k09AyKXX3YxhIw1,NA,NA,NA,12,10000
g1QqOJSpTHV6hQfMIt3F5zrsnr63,NA,NA,NA,12,10000
rDs1ipZpNARcZ4zP01NjUWPOiZP2,NA,NA,NA,12,10000
6aMGtXZaWgNBfUqrw1JLwWuYua92,NA,NA,NA,12,10000
gdQuCCWdHVYtwURCk3G0OsMrRJj2,NA,NA,NA,12,10000
5iuAVLrNRFarNSeUgQgjitLvvzB2,NA,NA,NA,12,10000
QRwOMSiy2VNyjcFrUjDrp9QQdDI3,NA,NA,NA,12,10000
dNKjF0gPAngTUKdxeEe5me1qeIG2,NA,NA,NA,12,10000
2zVzBfbfqyQnL5BNYJKYWv1Z7H23,NA,NA,NA,12,10000
o8tnIzfWZ8cbQr90C2WWgkNxhEj2,NA,NA,NA,12,10000
BRAobGCAiZRsRiKyPqbJuEfX0Oj2,NA,NA,NA,12,10000
DF1mCaXWsXYrnTJoew302ocOkkJ3,NA,NA,NA,12,10000
SSyfrRGVW0bPrPG6wwxrpNq9e3P2,NA,NA,NA,12,10000
TP1a61vVvJUpiD2jPMNsLoXUhzv1,NA,NA,NA,12,10000
Wld3d7i73gbNh9D2seA0baiNUkD2,NA,NA,NA,12,10000
LNOIGbuUEMcxFt2up8CSxlGpVlX2,NA,NA,NA,12,10000
YKnt4GMTOGMqzsj4fJuB2CJ4alb2,NA,NA,NA,12,10000
586wkPFjjITNn3AKJvOSyek1t9y2,NA,NA,NA,12,10000
eOrAz6JIS1MRAxngz8vtpNUMZx42,NA,NA,NA,12,10000
wuoUwrUHPLdgR6RvlFAUc37Zi833,NA,NA,NA,12,10000
T6w2coF1pKVPc0Qc9FKSCoayiqr2,NA,NA,NA,12,10000
y6ZZ3lYfdefauy8Qej8iQ6KYTm72,NA,NA,NA,12,10000
rmAE1snh4RM7iJcX6A83Anj7ak53,NA,NA,NA,12,10000
tuni0D82dSYYohmZEnNJGOOfkBp1,NA,NA,NA,12,10000
zLKkNMvNkUgDibAZcI3HQdgIdxh1,NA,NA,NA,12,10000
KHFmeRpEWcZdnyHX9uAx37jj5lM2,NA,NA,NA,12,10000
IntwPxpelfYqQQEnQDvJuxTbTmJ3,NA,NA,NA,12,10000
xlzOKcAfQDQYM4fV38vsJLC2Wmz1,NA,NA,NA,12,10000
fOV60dggdOTRjgQoTuvWrToLlzd2,NA,NA,NA,12,10000
5m1mgd8aloQpehzX5jUtA8whhT12,NA,NA,NA,12,10000
boFds9QKhbdocYu2tfRcnCKfIBC3,NA,NA,NA,12,10000
k8dhuEfDq5TDWqFhpFgXEyR3kCg2,NA,NA,NA,12,10000
5UcTNF79wshifrV5nGbPMeP8hHI3,NA,NA,NA,12,10000
G33urQUffqW697IR6E7PnHo0Tk52,NA,NA,NA,12,10000
hDkcH5EO6sOBpDMF9K5nWucB30Z2,NA,NA,NA,12,10000
Aq08Dd115SOdQaQ6mUXBSHpd4bA3,NA,NA,NA,12,10000
sZVY4EQN3cYiX9wodTWNlN4cD012,NA,NA,NA,12,10000
gP1EtOrM7yM2wRjA67uBiqZ6zlh1,NA,NA,NA,12,10000
OW15uaNGPAdbFiOtiPtsU8q4WuG2,NA,NA,NA,12,10000
fO9C6ajTHKTKYdAzDGhLTm9S4cB3,NA,NA,NA,12,10000
DwVWJgE0CzYA81TRMkKTeSw4tSo1,NA,NA,NA,12,10000
gsCJ6Cj8SScrQw3DojDzgfwMaSj2,NA,NA,NA,12,10000
ywfgjlAj6eUhqe7SjFuYAevNYhM2,NA,NA,NA,12,10000
1Rfr2i8WnPgtJ2Kiu1XQIiqRgDB3,NA,NA,NA,12,10000
eyqrB4CuQaRxDkROEuM4LkeyTv32,NA,NA,NA,12,10000
J2dy6ne69WVfkguyTAwzf0Gt7kg2,NA,NA,NA,12,10000
NvgruCQfd7f3SlpGrEnWOMxaXiG2,NA,NA,NA,12,10000
WJI1ypmNWhYQpx1zBabFoICrDqs1,NA,NA,NA,12,10000
KUoPSRsWtMa1tXudnHw2q4ORPsw2,NA,NA,NA,12,10000
81QkN8AJGNUtDy5i7oljeUY2PkJ3,NA,NA,NA,12,10000
XTUZIrJXWYTR4GoXbf7QRYMYdI23,NA,NA,NA,12,10000
RRoi5QhHSfPcnpwRPESd8TlgZKP2,NA,NA,NA,12,10000
qX39lAEvgiUbnQRlr0wSZkIm00D2,NA,NA,NA,12,10000
jyXBBZSiclV3re8VywbpFypcAcB2,NA,NA,NA,12,10000
mShCijP3hbdYaTSJntppEqfonWb2,NA,NA,NA,12,10000
SelYvS3WA9b0j9yIxzqabDZfV3D2,NA,NA,NA,12,10000
UrgqlaHyowbcAhlrKre7UV24ffK2,NA,NA,NA,12,10000
Bmr7ayoKFWPiD0pqwhQISReKhDg2,NA,NA,NA,12,10000
344MSL0KvjeLBPwpaRFA8QzKpNN2,NA,NA,NA,12,10000
2eiKuauMskSPst675QTCNoaK5VT2,NA,NA,NA,12,10000
seyU5B2JGnSDGA03Pjy7MWBr0dN2,NA,NA,NA,12,10000
hOywiz2gY3S6ZJJwRMfxUTBuBpo2,NA,NA,NA,12,10000
yOiB4nArJ7g81SzUpYv6myc9HQq2,NA,NA,NA,12,10000
jwxB3Gkt8idaWQEdv3iTao7FqKw2,NA,NA,NA,12,10000
42DSMmhdHAUeAZU6wEPK30tm9Og1,NA,NA,NA,12,10000
JTRItAkCvGReLF2Ns49iFYgEaew2,NA,NA,NA,12,10000
ksa2jxLYDONmqfbMOXuij0zKKFR2,NA,NA,NA,12,10000
UcqS9y638uWdoNdDMAMtKaUEukJ3,NA,NA,NA,12,10000
PNySrp4rXqfvLuFzaamcuaUcpEf2,NA,NA,NA,12,10000
1Fh2ZipBU4ZvyPSdKrixQ3EYw4u2,NA,NA,NA,12,10000
RFj9PGarnbS8uIRUtGeYhxFmXMY2,NA,NA,NA,12,10000
Gk3P8PANbcZeEsh2Xyh2RExBubx2,NA,NA,NA,12,10000
MuBcOAoN4uWOCpUb70bMQHB7veW2,NA,NA,NA,12,10000
gbfpOOPbz0M1PEzxciB52a416MF2,NA,NA,NA,12,10000
UIOi6SnEGfYQpsKTuTN4HQ80u7S2,NA,NA,NA,12,10000
H5981T02iJVRkcnAOdCDaQYulum1,NA,NA,NA,12,10000
E3EczN3w7MZXPgcJec7fzCsWy9c2,NA,NA,NA,12,10000
EP9j36SJt1MLpmdyAERQ6xjS24h1,NA,NA,NA,12,10000
rjQ5Kt01kNPafQ6A34zH0EZhqc32,NA,NA,NA,12,10000
gAuhTPxgeghQHYnsJH3nGGUxvWY2,NA,NA,NA,12,10000
Aj0y4TCF9eWjPQvzqrzPFEywTNX2,NA,NA,NA,12,10000
NxZq2byt7YRnPsamIfNHhos1V2f2,NA,NA,NA,12,10000
nrF2gwL5IQVViwvl9JfIM1aSTwg2,NA,NA,NA,12,10000
6Az9mEniQKYI0ohi66wbpdPsqLo2,NA,NA,NA,12,10000
eDNb9rCvCpXrF4wk88OfDhpU7U53,NA,NA,NA,12,10000
DDe45y9orYNHCydcYDL3LJLJrr63,NA,NA,NA,12,10000
N5o48U2jOYOxALyLcdtdGp1XJWC2,NA,NA,NA,12,10000
rWV9Em8LLdcoJWDH35slhWIORYe2,NA,NA,NA,12,10000
56lh0ExE4IM3Lci7jHYu3hMPx882,NA,NA,NA,12,10000
nmvT1YMqQycugs9cfnU91Mk2pH13,NA,NA,NA,12,10000
G93Tc2D81XVMafnKDBAuNBQINzb2,NA,NA,NA,12,10000
QVkQTfaIH3M7HCgCaM0KOdkvJOn2,NA,NA,NA,12,10000
67rQ8oyzKEZcmrGC3BVjb5ZgLlO2,NA,NA,NA,12,10000
ckTk5goik7YCQpjEdpirfeUoIS62,NA,NA,NA,12,10000
G7GGcm2Dh7bwm7rmBoaRC0Dadsz1,NA,NA,NA,12,10000
XX4zwvwa3ibwpSEHEU5L4RiZ4Xj1,NA,NA,NA,12,10000
labNi6Rv5qYRzEHfUYjen9bVoKV2,NA,NA,NA,12,10000
9ESZp3M7uEbrupfnwa0wln867Kj1,NA,NA,NA,12,10000
ijJigyxigQPfwlHB6MwnSV2SlX73,NA,NA,NA,3,10000
LRx9t98lwOQeR7Eic2HdtbKI0yB3,NA,NA,NA,12,10000
f6qZgAzdnPOHebwJ5UgEfBpE1zk1,NA,NA,NA,12,10000
BbbfJGxm8tPoCNvyVJRXCOhQHum2,NA,NA,NA,12,10000
oD7ERfqPmkVtYhSEMBH3lxkoKsW2,NA,NA,NA,12,10000
TxLAnmGHGqXuT8IZvZl82BxdmJj2,NA,NA,NA,12,10000
ymxL7r0e6rZ67XHQsNVSrNDzKsM2,NA,NA,NA,12,10000
1y0dnLvssraR734JSJbsVyB7HId2,NA,NA,NA,12,10000
9zbq7AQYTbYFy9zKV24296mLm7H2,NA,NA,NA,12,10000
SyZLmQbsXZTuNVPHpqEbeomSnms1,NA,NA,NA,12,10000
BUhylDb2DHUp694iz9H2AZ8IsFB3,NA,NA,NA,12,10000
zMkjsLbzioh9HXRrMVbbvlKwZxq2,NA,NA,NA,12,10000
IVRV7xOPxoYhXIbfClRFkQ7a4v83,NA,NA,NA,12,10000
rG6dkQptBfhkQXQWr1e2OtC8lDF2,NA,NA,NA,12,10000
nQ8M6eN9z5NFUJGQ9Gn9hizcYpb2,NA,NA,NA,12,10000
kAu7ABujS1SDjdS5DxxjG1w8x0y2,NA,NA,NA,12,10000
HBl3cWKB9sZVrtqttvtJA9kILfx1,NA,NA,NA,12,10000
miiG5Ocr51TuaOU3rLD83a9NQ0o1,NA,NA,NA,12,10000
TkzOuO7LoqXqLJSgNHnOKu64kNG2,NA,NA,NA,12,10000
lKlqPssfWtcA2xyrIuGo19uv8Jl2,NA,NA,NA,12,10000
ptzcXVUk4VXWiWQZ9Yyhf8tDmZI2,NA,NA,NA,12,10000
nlLHS05z6qPsXDcnVYCjADsqFOo1,NA,NA,NA,12,10000
CXZA3vEUzgTdMW9rszIDhc5RgCA3,NA,NA,NA,12,10000
WV2yYVbHRUNaPaQrpMJclnsUIn33,NA,NA,NA,12,10000
Iwq1gfruEEOd5YIzQ5HjpokMMsJ3,NA,NA,NA,12,10000
2Cer93UzfVNbsDvEvXzrU6gyyCq2,NA,NA,NA,12,10000
yupJ9vkl5YW4KooncJjL3mX9Gjf2,NA,NA,NA,12,10000
4LZRmltZiagL6GTsmRCCSDEvlIA3,NA,NA,NA,12,10000
uq7VSKBUvyazuqEKbgunNuprq6w1,NA,NA,NA,12,10000
8CttwXPlWNSTaBI62mVB8I0rX7w1,NA,NA,NA,12,10000
CQhtMoTi00ZvNvrCciiOGvokjQk2,NA,NA,NA,12,10000
9O9pp2hurLY6rBgDQWEUHa2Tqhz1,NA,NA,NA,12,10000
rvqWieOQxGVKzX05PLOEsrlEGQI2,NA,NA,NA,12,10000
dqgKbJVbBGXwMfkrF5oEZlQ30bb2,NA,NA,NA,12,10000
6Rw4amsoELXvLZ2WBtC0uPPlZcP2,NA,NA,NA,12,10000
RQqNUjwQU3WSbUSCpzmGs0wAOCg1,NA,NA,NA,12,10000
HtmIYhLeuoX4d0UeoWNtyDCxFB22,NA,NA,NA,12,10000
lXtttblsv7NJlZ3vMfD3pqsMQej1,NA,NA,NA,12,10000
6VJxOu7Fy3W7nH53pNMeaS0oLlh2,NA,NA,NA,12,10000
eDSomnUh0ENN4nsReCRnqRhntSw1,NA,NA,NA,12,10000
3avtnyD9wae4TWu9M5PcZNxiWR82,NA,NA,NA,12,10000
mHWjER0TQeZ4qpzQMUeKevRhZyB3,NA,NA,NA,12,10000
xxbmjTvqEseuSHrOjzfItEYigOs1,NA,NA,NA,12,10000
nFKseGLZSWOXteZhEJsBvCWPAy22,NA,NA,NA,12,10000
bIvN479f2ZclZIaC0sUXKltf4Xh2,NA,NA,NA,12,10000
ojxCvL0PF3OFymM8TStobKgWYId2,NA,NA,NA,12,10000
Yme7sT31f0QyToiHp83qfVcBvAD2,NA,NA,NA,12,10000
OfX3TLVIjtYJXMbqyEqQKpVfvrD3,NA,NA,NA,12,10000
seBbUR6DGWNWAcYePckmzF2Merk2,NA,NA,NA,12,10000
CuRKcpUM71SPId3yC9YQ4VXCWb93,NA,NA,NA,12,10000
BFe8RO5JOZgsYqKXHonwSDwqsbo1,NA,NA,NA,12,10000
Hww1LrT8b5U2OlCgUt6E8IEySxW2,NA,NA,NA,12,10000
rYZtcR2849TbrMtRbGmI9lRD4Cs2,NA,NA,NA,12,10000
peWfzz6Wd4SRkEwSNBmwjM8Evy72,NA,NA,NA,12,10000
1O1uLpdeOlZY6YzzeHHly3mdD6K2,NA,NA,NA,12,10000
EhEqss7fEmfbJUc6wOYvC1ZNBGG2,NA,NA,NA,12,10000
C7MLxOB72NRrT0uAdLoVwL4rKkJ3,NA,NA,NA,12,10000
OJLMvMPIXzdy2FUlB3GvTcLScSe2,NA,NA,NA,12,10000
LAtRzMQRnyOUB9dbcF1xbKDTMVG3,NA,NA,NA,12,10000
6A22yqvNyeTFyXeIs8XU3vRAZtk1,NA,NA,NA,12,10000
aHdoJUkUF7X7w9kti1nLxuFYhWw2,NA,NA,NA,12,10000
OZ0NC8UfWhbfXO7IaWtKKVYrCkh1,NA,NA,NA,12,10000
dJyTOq5tWIXtSaNQbsHcEYHi0xf1,NA,NA,NA,12,10000
1Y2j9OEC8VPLKjXJ9uEFBm9gkMc2,NA,NA,NA,12,10000
jO0nyCq2drdWYmKkU33FrZtRqlB3,NA,NA,NA,12,10000
tSHV5HYPA8ckFSsj0czcfKRhtZw1,NA,NA,NA,12,10000
gGLlym0GZsPAlpwkWISfGwzD3xk2,NA,NA,NA,12,10000
4QGGvNp4dQPBJRjDCXYFJqP0fQu1,NA,NA,NA,12,10000
hIjLh3HP5qPH9R1RE2FakY6iYvs1,NA,NA,NA,12,10000
g4RRVQPmkYWv6G8NXm8bCdaS5xa2,NA,NA,NA,1,10000
OaqppNlWP8awbnfjaXU6Q1mmWXd2,NA,NA,NA,12,10000
lXJSdxJVpCMbuxuH3I4AJDzvpnH3,NA,NA,NA,12,10000
oKOk6Jp1v9YYB7eevoDxikA2OHb2,NA,NA,NA,12,10000
5vqrPvxcDSRw8xSRqJdw5WKlA3b2,NA,NA,NA,12,10000
4l9DOXVDY6SaaRUEDSJICm0Rzzk1,NA,NA,NA,12,10000
BaEBKXBDl0WqMYDImfub1vQlZ8E2,NA,NA,NA,12,10000
7GBEoCSERiQ0GOUPJOAFA2L45dY2,NA,NA,NA,12,10000
C8cNphooD6YgQm0fCD728gELKMw1,NA,NA,NA,12,10000
2qIYGFhnpoessrSej8XfkU3yirq2,NA,NA,NA,12,10000
E7qZybcz53Of1gzIp3Bbbz47sE23,NA,NA,NA,12,10000
t4hKPBT8UJh4TAd7vz8RkscXTWh2,NA,NA,NA,12,10000
HwT6RXUUJEZK7sPdcgEVN8CqH972,NA,NA,NA,12,10000
xyY2DNjcbhecub5hZYiK8CaX0SW2,NA,NA,NA,12,10000
QkMCAfPMnVdKGDv26nbHBDgiozx2,NA,NA,NA,12,10000
buZyGnnrmNQ5ZYVYDvYlDUNhFdA3,NA,NA,NA,12,10000
DdnsKCCpj3WqG0uucPmknvrWDP32,NA,NA,NA,12,10000
te87XxMEw5Yvr1eG4sefWZ9Ofny1,NA,NA,NA,12,10000
qeHiZYbGIsdQtHFDxJWaGSGnSTW2,NA,NA,NA,12,10000
aRS7ClHiwkc7mvf8Axb92lJJTEm1,NA,NA,NA,12,10000
3JaEh46UTAOG7BcVjwujHbyAmXi2,NA,NA,NA,12,10000
raFKev3Pb5SXy6HVSD4UpQeohz02,NA,NA,NA,12,10000
MMyeoOYaInacsDySQ41H51oLFEB2,NA,NA,NA,12,10000
eDdVtLHNefZGSBEbjtqa7M86oUq2,NA,NA,NA,12,10000
H6hybNAYfQezcOPywCHGTYQQwAE3,NA,NA,NA,12,10000
Ugdr5YVXdCWGGrz3Ozm9SP0h3952,NA,NA,NA,12,10000
kKJDqKMMAbaJmchIaCc44VJvRCw1,NA,NA,NA,12,10000
KguBHQNT1QYDEsbBMm6hrsWU3bk1,NA,NA,NA,12,10000
hLWpCgajskPaLqYkSaDql6d6C993,NA,NA,NA,12,10000
p3hblSI6d6VbK9NECQWqpPVfrJr2,NA,NA,NA,12,10000
J9FcyOLSo7O7SdwLRslXE3VFvFa2,NA,NA,NA,12,10000
VPYvCV0vdYWie30pebonUicG8Hr1,NA,NA,NA,12,10000
E6HwSoWGjTXL4QMypVwHzQhh28q1,NA,NA,NA,12,10000
5lEdFPi9M0ePTVrkHqMsS2ksQO23,NA,NA,NA,12,10000
bwSZgHlFRng47nQw0EjgTcpud0p1,NA,NA,NA,12,10000
n6eseGnjE4QHr9O8yY0YLWmkhhZ2,NA,NA,NA,12,10000
o5WiKApdhabGBEMTryiTW59lPtd2,NA,NA,NA,12,10000
7oK9wbjiDOPqlsYMb00CjMaEov72,NA,NA,NA,12,10000
iiHWSthiHwaIECuxIO2e8wXsHct1,NA,NA,NA,12,10000
v1TIH9zxHZNKzxGEECZ3lQE3K9i2,NA,NA,NA,12,10000
qcBUQ4WEhfNPsP0sJ4NpBtJ9ERm1,NA,NA,NA,12,10000
wNZOIFxXpeWeJ1jgOPSXNbL8FDK2,NA,NA,NA,12,10000
PQZI5xD6ijOIVc8zeObvgvkGea32,NA,NA,NA,12,10000
cnVy0AhByCdjEvtfqj0uNOC4cdB2,NA,NA,NA,12,10000
MPuImRzitjTLw4bePrjAWTeY2ha2,NA,NA,NA,12,10000
US40NWKyoOcePFBhgGHKA8Qb4Qd2,NA,NA,NA,12,10000
eWBGpoQInzYPk0rW5zvXWr3T1gJ3,NA,NA,NA,12,10000
lxrOdR7ab8gywOpvoglyqwaFdn92,NA,NA,NA,12,10000
kUZtQ5E9qTTyyKiYoEapXux1n9B2,NA,NA,NA,12,10000
ubGDVCamyoVqpxThJrn8rRY3fdC3,NA,NA,NA,12,10000
Vzy2PFvmSCdTyhCTrmGVJiT4kdC2,NA,NA,NA,12,10000
9o87QgZC8lZYFBWRM7uhMrjcZF82,NA,NA,NA,12,10000
0TqejSMNuoc76ZF7imzbdhlIscj1,NA,NA,NA,12,10000
YvO225DkR2aaqbABQ5EeMTIGdqf2,NA,NA,NA,12,10000
1Bo7veHnndQSu76bwuE3IBf80rt2,NA,NA,NA,12,10000
FRayvP82vNORx6GmWccUVb9xD2W2,NA,NA,NA,12,10000
HuWYLcUrqBaMKM8JKwtuRWiOP8g1,NA,NA,NA,12,10000
GUcjcKj7HlWa2YUmMtdGDFX98On2,NA,NA,NA,12,10000
x5YQAF8QPta6kg8bkShrYp8OGH93,NA,NA,NA,12,10000
0oQvYDTckFPDOtfVgsK3kL2kSrl2,NA,NA,NA,12,10000
S7bYPfLzGlbzN6fGQlE2kMiaoCj2,NA,NA,NA,12,10000
OcBFNEgUI7MCk9aKx53O5ZJQuyh1,NA,NA,NA,12,10000
zkdEWhz7SRaPAMz1YfFxIJS74ig2,NA,NA,NA,12,10000
Bbg7ykebBXVW7LUki48CgU97vQl1,NA,NA,NA,12,10000
h5BpCQCo8wbOucJWay7wk6dT2952,NA,NA,NA,12,10000
2WGCwdkgslM9IgkZ4h6sLytw5H83,NA,NA,NA,12,10000
TqmCDMyaHif92v8I81y5W3qLhC53,NA,NA,NA,12,10000
oAK0XYZWcJdiFFABZksRXI2C5lU2,NA,NA,NA,12,10000
TlLsCIOF4ZaWg6bDOkDPdDARU2Z2,NA,NA,NA,12,10000
4nKcPRpItMbmO47yvf1r9GrpiAh1,NA,NA,NA,12,10000
TvC8FHQkOqZ4b8rei6puVA8MfSy2,NA,NA,NA,12,10000
9vo5jY0aZkPSMjavEEN0ZR2Kbda2,NA,NA,NA,12,10000
lOPY9gYxPZQrIuOiGmyG8DVihty1,NA,NA,NA,12,10000
z5x5ONYywVgKRQs8LujmMVHIgYG2,NA,NA,NA,12,10000
x0F21OeCC4agzk5kIoJ24LN76Qn2,NA,NA,NA,12,10000
7sPvFvXcSnfALm3hspWyi1uKiiy1,NA,NA,NA,12,10000
z7K0prcI1gW58qCo9PPrMsPiFC42,NA,NA,NA,12,10000
5znCnCg9EfhMqZSOwFHcQlSW1e53,NA,NA,NA,12,10000
bAHshJR3XKZcr9fJX3ss4TDFIKf1,NA,NA,NA,12,10000
kE2FMI1xNcRcDxU1UH75xyBw0GN2,NA,NA,NA,12,10000
NyVLjK9ytAa9MFP7dJpk706AFmk1,NA,NA,NA,12,10000
ZdLQEihlN9bSkk4eL81t5VGs5iF2,NA,NA,NA,12,10000
AcRtHTyoFRQoZxkRaZT8OIsLIVT2,NA,NA,NA,12,10000
zPmEoeydWmNDWsz8v9z1ysZ8b4H2,NA,NA,NA,12,10000
f8bM54F5pJQON6S0qpaegnBcWsi1,NA,NA,NA,12,10000
NObEcvuM1idKMCbYI9TA1oDJhGE2,NA,NA,NA,12,10000
61iLbZrNYea85OprmEUgPtZZywz1,NA,NA,NA,12,10000
EmQNpp2deAX6gSK1czEA6fhthRS2,NA,NA,NA,12,10000
9h5rZqilXGR0DQIFndE4uGuT6IF3,NA,NA,NA,12,10000
6PZh4MWNXle90qDGlUERHcjulvz2,NA,NA,NA,12,10000
y8QrDheoHUQ5aByBKfyMUPgUbhu2,NA,NA,NA,12,10000
F4iATCXAiEMn2na4mbYUL4ARxby2,NA,NA,NA,12,10000
tARXTSbYhDVHLEvKIpGn9pb4qSA2,NA,NA,NA,12,10000
svIQaeNfVYNRcVgdzM18SsUJKTx1,NA,NA,NA,12,10000
gha3sFGAiXN04kCJZY2doM7gScr1,NA,NA,NA,12,10000
yZaJu1JLqOOxC7grZRKpiMnjqCX2,NA,NA,NA,12,10000
xLtO9KQv9BNfZopaLfrK7PJVbFU2,NA,NA,NA,12,10000
Y8L4m32bGnRoR0QLriyzvcAt0on1,NA,NA,NA,12,10000
czXtq8SUybMNfY1BQCmDuZjo6co1,NA,NA,NA,12,10000
MK13fXEfXRO4FzY4YObFqQtOj0c2,NA,NA,NA,12,10000
wv1ZJepZW2f5tpNZauOKpjxx32n2,NA,NA,NA,12,10000
zxC5SO8o74cLqIFURVKBxyr4m3v2,NA,NA,NA,12,10000
BibEqLPRJuM7C880B6hkzU7jcno2,NA,NA,NA,12,10000
Bn7a8yDdirOIbnuyWr7G4o31Opr1,NA,NA,NA,12,10000
hZmo7sgtY6SMZ6eodSniMKvQR5r2,NA,NA,NA,12,10000
2Hep3HcSK5fU1ARojjzk5IcNHz72,NA,NA,NA,12,10000
8gul09w5krTC2ojMNCyrQnQrMos2,NA,NA,NA,12,10000
LpICd8UdVQXlEg9KMHKkrQnXyvA3,NA,NA,NA,12,10000
LFvqpoTzuNg7ihM1TnNFhx3wAOi1,NA,NA,NA,12,10000
SKzIFwZORCcHW0iUVMQjefBLQ9k1,NA,NA,NA,12,10000
ntBCpOPrj4fmiz8hOScfAT7bKAt1,NA,NA,NA,12,10000
reIfxPvH7EeRiHaEVf97DiFy7722,NA,NA,NA,12,10000
OPLBIBrHsYcK2Hzl8YvVlbr6kKJ3,NA,NA,NA,12,10000
TNVWI9ts4PXn2pbVvRqgEteMSns2,NA,NA,NA,12,10000
EwlSg8JEQkXrFNPyzhdBuZ6Cr9M2,NA,NA,NA,12,10000
lhVEazWP1qfeL2fIkCNqfPgY4BF3,NA,NA,NA,12,10000
QFOp4OjnzDPrtLVkPAwbizzvMLn2,NA,NA,NA,12,10000
w69uJbSsvafmKgdNR3jKdJlAqGk2,NA,NA,NA,12,10000
C4G2nh2brUPLSuJGOuin0BvTtf72,NA,NA,NA,12,10000
1UDScgDEVcR47ZPFHLFBxBrA4Mp2,NA,NA,NA,12,10000
7TRrt5voIGYkms5c9bZySvVhCyl1,NA,NA,NA,12,10000
d9Jr1M650aclPI2aFWbDHIdVsGw2,NA,NA,NA,12,10000
7CqBfZBL0PZOx0xO133qXhOZozu2,NA,NA,NA,12,10000
psUGpVPmySXCRZtNCsHkTtkfLzY2,NA,NA,NA,12,10000
sNFUFYpplJaurmHKq9L7QJTZ8172,NA,NA,NA,12,10000
hLFc7hvoVYN7fHTrFMlxAAI4AeB3,NA,NA,NA,12,10000
YN6bGDA6mnNvXiiwcTrPMUshj1E2,NA,NA,NA,12,10000
fNzsQQQjV6P9aUGUlCTtyhJZB513,NA,NA,NA,12,10000
QtKL8fz3Rlh7WMfbWpbsVSd0Vx43,NA,NA,NA,12,10000
CGniPRgNZdW5qI6mj2ZSYHuE6D73,NA,NA,NA,12,10000
fDMnw2ut9oSSerL8AsGYwlrA6cA3,NA,NA,NA,12,10000
fD2UyQmndEhpMyqhSM3eJyugcgA3,NA,NA,NA,12,10000
gyJuwmVo6BTtQ2gfqoxowPyeVUG3,NA,NA,NA,12,10000
CDdwPAqnRIRuedgWlYsQE3tX4BT2,NA,NA,NA,12,10000
9xC5VwmV1ydoJOXchVntBsIvls23,NA,NA,NA,12,10000
V6XS1p8MXoeUx5ApGatIaHVgjmz1,NA,NA,NA,12,10000
1H6P4yazuAh54bTpKo4nK5kuyDJ3,NA,NA,NA,12,10000
IXGzhIE9W2Xd1Iotp58ulBRuio53,NA,NA,NA,12,10000
cpnouGmOyPdQjTyFr9wBJOGAOMT2,NA,NA,NA,12,10000
qSHTj2lkFTWbLg6xH9neAbLNTYH3,NA,NA,NA,12,10000
Gt2wJcDeo1MWuwuqQgyglReILIm1,NA,NA,NA,12,10000
zsetfWjVPjY3seg8PC7tRj7uxdO2,NA,NA,NA,12,10000
Wv6Yv6IH5KZGOlA904GrprUdnzV2,NA,NA,NA,12,10000
xNdcd2sTMqZ9Hvm6cdf9j0Zq13D2,NA,NA,NA,12,10000
hPn8H5E8hcf3HJ7BDRJ1QJ24DGM2,NA,NA,NA,12,10000
nC7aFhdH74TlthS6wEhFlI2m1I22,NA,NA,NA,12,10000
Wp3tGMchd2QDM9wsuEaRQcZPwnJ3,NA,NA,NA,12,10000
8Xopck6UezNmHrpMrvaZe7OnfuD2,NA,NA,NA,12,10000
Pe6ctMz94pe5W4alElz4rReGeV93,NA,NA,NA,12,10000
ahmq907a4nZuzcbeNJ0uw0YuUSI2,NA,NA,NA,12,10000
drSxEpE1yeMBpx6RGFb4XduEuhl2,NA,NA,NA,12,10000
VJy1UN8Y4qSRxbCZbF2FvUzKRPG2,NA,NA,NA,12,10000
ypslrmR38McBDSrxEqpCSE7V4LI3,NA,NA,NA,12,10000
9Ty5IsSF4tdKmRIF3pNOzdAYvLp1,NA,NA,NA,12,10000
AP0goomuqhhiZb4objJHcfddcFA2,NA,NA,NA,12,10000
PIl24KIiFpbmRdgGESvg3jCPWSo1,NA,NA,NA,12,10000
R8TLCh5OsEQcpcVtNVIVgtNxuo72,NA,NA,NA,12,1
gQB9hPxSqSW4cbhi0UYa9AP3F3l1,NA,NA,NA,12,1933
6u9O8SoFjWcD8b8qpYqEe5dOGF33,NA,NA,NA,12,1933
Nr8ifb9F9KWDMvyy8gLUuHjc9Tu2,NA,NA,NA,12,1933
EcabHbfA6dTB0kZ0YZ6VOuD7l0C2,NA,NA,NA,12,1933
SvtJclwFXqYYctXtXxVAB2kp63q2,NA,NA,NA,12,1933
af4um0MeUiQTZ4bPM0ZmjtXdSt13,NA,NA,NA,12,1933
t46i4MdMspXx7zq9E1bvSNWEBl62,NA,NA,NA,12,1933
UOPzAX2nNnh0p4LYzGvWxeTEuMO2,NA,NA,NA,12,1933
KKykxpWeg2dEYWORrESwHC7Z9Vf2,NA,NA,NA,12,1933
Udf2QVX1YmhVQXXr8BKe4np8ZMR2,NA,NA,NA,12,1933
5HPGcdHqa8TZNDELhtax4oFtzP72,NA,NA,NA,12,1933
QlYaZEbGxogHeNgSGG6p9kCRkl72,NA,NA,NA,12,1933
jJAnf8H5v6XmLcrrIAKNlGPoO9y1,NA,NA,NA,12,1933
vHvaWstoFLaQS5Tu7Zg1HmssHYt2,NA,NA,NA,12,1933
EpllwUSRe6SFBp1MqrI0wMAG3Lm2,NA,NA,NA,12,1933
JnVdRn0h7rWxQLxJJmOChPFURIw2,NA,NA,NA,12,1933
5gBXv98MFaW8j14cEwCVjiCOCkl1,NA,NA,NA,12,1933
R3xLhdSlqITjOlonRZNtjuvnEx33,NA,NA,NA,12,1933
fD7rnYKJ38b2c3GA5CvtfNWDJvr2,NA,NA,NA,12,1933
5ZlZWhSFp5RSNxtT1fyZmdMa2bb2,NA,NA,NA,12,1933
U3ajVUtQ7RawmrmXWPqOUKknntr1,NA,NA,NA,12,1933
wpx1lXBCibS3aTYlHaRTrw11wr82,NA,NA,NA,12,1933
AzfgkilyEdelZASiNXpMna3CLX63,NA,NA,NA,12,1933
o1uHBNKpHWMQ3WMhHvHBowGYlCe2,NA,NA,NA,12,1933
MJBNbOaLLZSEZna20d0IkLf2gts2,NA,NA,NA,12,1933
LzPKqj3sTJOeLaDrUqU8bOjXH9x2,NA,NA,NA,1,1934
0kUviAR4QjVto2no7P7aQjy5jtQ2,NA,NA,NA,1,1934
Rtpm4feBMkeRzWV5Pb5L3xDC56v1,NA,NA,NA,1,1934
6xtzvhjOtvPl7TG9Y9LUPD9sWHl1,NA,NA,NA,1,1934
wwbH9nmnzpc4l2NuKV3MRwV1sSi1,NA,NA,NA,1,1934
XnMzWE5rv4hWrCCHLgSXBGlvmzS2,NA,NA,NA,1,1934
UuZ4kpiNZsUbLCeGW5mjPgMWPiz1,NA,NA,NA,1,1934
VEUoornLuYc5wxtZsViIBBbFGW93,NA,NA,NA,1,1934
ihDG3scivWfWSF5uM0PpcL6N9fu2,NA,NA,NA,1,1934
Nhx1H84zE6SPpDto55Ho7hXRbeT2,NA,NA,NA,1,1934
8YZIt2bFtFXQbxSdBEXO2HMdY7G2,NA,NA,NA,1,1934
80B3HloFLqeb3WWRPHWhInmMC2u2,NA,NA,NA,1,1934
R52VkhNcPdR97ElDrtL8rgr86vi2,NA,NA,NA,1,1934
wBtKjUNuDRQ2uC3Va2Jltn78j5J2,NA,NA,NA,1,1934
na4RotZ9s5hIbDMrtCTK1vV1yl13,NA,NA,NA,1,1934
9zeDlg6ooZVaVVa8NstyDI1BRsH3,NA,NA,NA,1,1934
qNUQh9bglQYUmhqG7A5w1dXKX2l2,NA,NA,NA,1,1934
OUGNRavKqaWMXVo44AOnwRmogCi2,NA,NA,NA,1,1934
9hS8JWAPJQdzoJPQSNgp4t4LNSM2,NA,NA,NA,1,1934
Wm8zv9ffMmWwBjwWI3KXC6W7KB03,NA,NA,NA,1,1934
qqYNvlZZ4CTLWOb2ONQ8GbbXTWl1,NA,NA,NA,1,1934
F9UJayUOJvU4U01xynJ4HeUwJZk1,NA,NA,NA,1,1934
i7HnWwiU3HYp4Y8Hs3a5DDYyCd52,NA,NA,NA,1,1934
QWVUexAIKVeCAGUZSYRIVLSrHn42,NA,NA,NA,1,1934
fSe9vkRsfDOwmlFBobfOoW1qfjd2,NA,NA,NA,1,1934
G64MT3KU2sU8sjNjxMvTeEeJXWH3,NA,NA,NA,1,1934
G63Ol63OYxQeL4CGhF2zNb5aNjg2,NA,NA,NA,1,1934
z47G2Q6P3VUz1DSkXYHkOvtHXFu1,NA,NA,NA,1,1934
uAaLgmsw9fPR1oXN2jcWQg1t0TS2,NA,NA,NA,1,1934
ubsrgw4HKIeBZhJanQEtgFgaT9g1,NA,NA,NA,1,1934
Y7CrrGjhjrRBxcL4VIG4PagfK8X2,NA,NA,NA,1,1934
FA9jtEbtLidrIf9rrELEKxB9Fxm2,NA,NA,NA,1,1934
POVWc0XPWkhoGpMITsVx7pxEhI83,NA,NA,NA,1,1934
Awn2To2uZ0Q4vx1hBgEycqSatVG3,NA,NA,NA,1,1934
GpzBAEha6bOf6opL3KC1ouxA89D3,NA,NA,NA,1,1934
DXtSzUTktWSALvbvMbTx3WNAXQG2,NA,NA,NA,1,1934
pYSIRoclBlR5pLYparYMi4SOnZ63,NA,NA,NA,1,1934
IzRQpm3AOST4dWqwcWIh8FlkcqB2,NA,NA,NA,1,1934
DnR5hh7dobS73UGyZLgglef0ZG22,NA,NA,NA,1,1934
NtAJ0K3Ob5b1dIDs07cUOM8OZVd2,NA,NA,NA,1,1934
vwsGU1PTxWhcVCsvNAp3n1b88Vx2,NA,NA,NA,1,1934
kCua93k1oeWgVZwTCxnSH6WwMGq2,NA,NA,NA,12,10000
u3iNDPIbc9SCKZFdFWdaYbgsOr22,NA,NA,NA,12,10000
Du5TXnfnPJe2tqElNPF5ndB0T2L2,NA,NA,NA,12,10000
2BwV7Bn8oDPR7PnORpeLKjWMS8o1,NA,NA,NA,12,10000
hxldkoRzMNgsiXUxOOHF956Iq0n2,NA,NA,NA,12,10000
HdvFn0rWAhfd5dpwP40ugCKwXFf1,NA,NA,NA,12,10000
Ia3vbOXcTSWO4RYhdgkMsU5X37r1,NA,NA,NA,12,10000
oALqyivAMuMbph9Ekmjo7Xc4sS82,NA,NA,NA,1,10000
XVq0TGS1cJRDvK4e5Z1xUCSLQfS2,NA,NA,NA,12,10000
pucQAuKH0UQrM51DOflfBWt4Ky23,NA,NA,NA,12,10000
P9ub6mNrvvatwYKMNHBL4oIgGBa2,NA,NA,NA,12,10000
mwTAn01Zm0YXVBoEW33wugS8I3G2,NA,NA,NA,12,10000
2L5xHSOO3jSQHzyohwbiqigpjXX2,NA,NA,NA,12,10000
AjavRgmmGefvH7wpcVDSD3lchMA2,NA,NA,NA,12,10000
Yit82oe6smd5ByZATXH9rjUPGfu2,NA,NA,NA,12,10000
K8zjPsYQ2iZIoCHINCiCETnIzMY2,NA,NA,NA,12,10000
42YkB6os1Gg93IVsH0H9959EhLy1,NA,NA,NA,12,10000
yw2MnNlJMWaXfaHeucawKhG6P0E3,NA,NA,NA,12,10000
ZFKUaef2aMXqp1Vl4V6CaSMN7N53,NA,NA,NA,12,10000
U8DHcgTfZJhbwQJZ9yokQf2WuAs2,NA,NA,NA,12,10000
Fn91RG1kBUfpbi97731qCEMp9722,NA,NA,NA,12,10000
qK2hggmg3MSKzCYp9DdFigL5dHl2,NA,NA,NA,12,10000
AHByuEp7hJNabefcgk4ItKUoDhc2,NA,NA,NA,12,10000
DSZNvt4YLcRLpKbwcAjDKcdr9v92,NA,NA,NA,12,10000
jip13VtLuifELz0IwSqErkL1yNk1,NA,NA,NA,12,10000
RpZ861lXDMSVMUWjBaGOW14dz053,NA,NA,NA,12,10000
N3ekFEbA1QSqJrL0wQkFSvuBPM53,NA,NA,NA,12,10000
RIFtdbqpytZZ608NE8oRY1xwzKK2,NA,NA,NA,12,10000
HWthSoAt4QawVaVpu3tLPomZQM83,NA,NA,NA,12,10000
HmHW5IyxqPUGpVqtJnaMDdkzOK23,NA,NA,NA,12,10000
d5qZuAZgcVhcNVym5eC574ceYLT2,NA,NA,NA,12,10000
8gIEi1NI1VfoPg9SV2qJyJ1Y2dy2,NA,NA,NA,12,10000
TQJU2Nw2zvOGIipHLetzzwGovbI2,NA,NA,NA,12,10000
AClL08eMrIMW73X5aseY2SHVyKr1,NA,NA,NA,12,10000
OPuG0OfeXDTQb9hVnCWvAFmbEOH2,NA,NA,NA,12,10000
miubzuSddFSCyqbRi6Z0Of9V45C3,NA,NA,NA,12,10000
I5FIy2y2xRVB8AMrpTQKEfRMXee2,NA,NA,NA,12,10000
gvatwgckmMQfVCweg1QJkxZSYnb2,NA,NA,NA,12,10000
ak1CyEH6BcZgQ3rgQKlgitA38Vl1,NA,NA,NA,12,10000
VkhwWiLbM8RCgxqIo585KQ1q2AG3,NA,NA,NA,12,10000
DXjm8RvfIIYsOv5tfnw5wuG6FHc2,NA,NA,NA,12,10000
mSBtYVIMFMafn5LuBJhI16kJy5v2,NA,NA,NA,12,10000
uJMcJ67Lw4fmkqRmeM6vabXjfwm1,NA,NA,NA,12,10000
dAoWhNwThnX5qL6WZOgLVBsBctq1,NA,NA,NA,12,10000
aKzGXJzrAZP3S0X3wpkqxp5wBz42,NA,NA,NA,12,10000
WoFADAhDrqd2a0HHbMQhAd6W2IB2,NA,NA,NA,12,10000
FWqTy0Ta2Sc4vnaNTj0qPTvfgWD3,NA,NA,NA,12,10000
WAkbW8XBoOPXFrwKeLP4DvnGYrf1,NA,NA,NA,12,10000
U9YlL9vcI5gQl0RcDpRGcp2ubiE3,NA,NA,NA,12,10000
6L1jLJEonCUpyG71a2pC9CDBb4D3,NA,NA,NA,12,10000
Vvoyr3neslTeN1xRmNeWLF1KtZj2,NA,NA,NA,12,10000
qWjl21D8akRIxlqbCYPyIMOhdlm1,NA,NA,NA,12,10000
m6OwVEQXdBgHc9KsO7dTVg20W9g1,NA,NA,NA,12,10000
eyUUkEsvkNW2dhZd5iIbuF32C3C2,NA,NA,NA,12,10000
07pMTOQv3GRBx26k36aWO2Md1aX2,NA,NA,NA,12,10000
pI3lkgY1xwhZ2iefw1Dv9JCaUlb2,NA,NA,NA,12,10000
xbNkh859rqUgDSRugjjwq4SwbAG2,NA,NA,NA,12,10000
qlmRzh7fRsh3Kwhth0s4TZQtkvI2,NA,NA,NA,12,10000
VUySV2CTlzYEgFvaO9EXzgunAvg2,NA,NA,NA,12,10000
N2TFwK5OmMSQh72p3gB7TLF8C0b2,NA,NA,NA,12,10000
D2ov3XzlczW22FXn4Q2fc6X8YrO2,NA,NA,NA,12,10000
S5qDyj09PQVYbSJLrsyj7zEmov73,NA,NA,NA,12,10000
BF1nuP0Cl9XRypXKy8NbRELjRJj1,NA,NA,NA,12,10000
shjMLd3JsUQTG5p0CHCkm1btj6g2,NA,NA,NA,12,10000
AoQsuuTiuwb0uZMoGLoi8ItasXf2,NA,NA,NA,12,10000
gAzVUzWW4oVhXTPjOas9JSSYAEa2,NA,NA,NA,12,10000
Tq2PXHEaVoM0ihTvmyFvWhGCQyv1,NA,NA,NA,12,10000
Qs09gLYBSAaUmHGiQvc0MKxwQOg1,NA,NA,NA,12,10000
B5iLPu5w0dQGkqTNvYKEQCxRTLh1,NA,NA,NA,12,10000
Lxk3aPVdg6YqxCpZIbR0mLS6Eeh1,NA,NA,NA,12,10000
JtQv5LPezKXs08TymDda4woCllP2,NA,NA,NA,12,10000
IT4TelTWMMhdUc2BS4lU7E8bSLs2,NA,NA,NA,12,10000
FATBT7JjulfD1CA9N05XgUUptuD2,NA,NA,NA,12,10000
M9hfvRYobwMQeWrVEyS1SOl6jky2,NA,NA,NA,12,10000
ZisyPSCO7zU1MoR93XPdHXPBzPi2,NA,NA,NA,12,10000
mzb9a6nWJ4erK4fGUNvzVqSeLwT2,NA,NA,NA,12,10000
p7zHJdK3I0PHAKDRJws3BpAegZU2,NA,NA,NA,12,10000
8yb9uEjUhZcQVVdQQlq6HCF9cb72,NA,NA,NA,12,10000
ORrctRkg1EYSlcvHuRli21uis502,NA,NA,NA,12,10000
dAYF0DZjQIMtDnQ4i0TbVeY7SYy2,NA,NA,NA,12,10000
wUeTyJfQv4fJxlh9vdVGxBZemTX2,NA,NA,NA,12,10000
PkynSj2lm3OSljs5xN9y8LRkQrq1,NA,NA,NA,12,10000
AJZWLDJzEXZScqdRTN6B7k6edjf1,NA,NA,NA,12,10000
LsxgDucKO6N6k2ySH4pBr3zSwtn1,NA,NA,NA,12,10000
JGpj12CE3eYyPtETmdMUcZA6UWw1,NA,NA,NA,12,10000
1fmVBsK26COtTPtLCF4drgrhoLI2,NA,NA,NA,12,10000
VEchy1sbWbZxIvMaQVClIGmjVmw1,NA,NA,NA,12,10000
uQdt53RjcLdkNSXrHoquLpBieBy2,NA,NA,NA,12,10000
SfgLcyPLU1ckYmz4rOFTmshL2aS2,NA,NA,NA,12,10000
cjAkMbQEgkbt1R3ztVNZ4Z81Iw22,NA,NA,NA,12,10000
jLRIT9LN9iYzhVqprwmaWVQ3Tsm1,NA,NA,NA,12,10000
Z4PrawSSpeRKez5rt8PWmfTMQa23,NA,NA,NA,12,10000
vHF8q4I77XS9vGgjYzrOmRCy8zS2,NA,NA,NA,12,10000
LTEzmOx76SVcL3enFJo8EdQRUS03,NA,NA,NA,12,10000
M9iu0aUF37MU8VNvlidthCou8q93,NA,NA,NA,12,10000
MliVdjTWEFXCAERv4flmtvS0YFn2,NA,NA,NA,12,10000
MPmSGDGoRKMNPXMEVCi76yfBtsC2,NA,NA,NA,12,10000
nE3vhADuyFd730DSxP4rPZTX45m1,NA,NA,NA,12,10000
vXoQqA0eNca6iJb3TboXdfmgbEs2,NA,NA,NA,12,10000
jvRRLolYTmSAHyXdpoQ6DUXkUcn1,NA,NA,NA,12,10000
RVS0qsT81hUkf2fbadA9LhqWBaf1,NA,NA,NA,12,10000
b3Y9uAGFF4WHQJ2pswfe8CS2nfq1,NA,NA,NA,12,10000
OVHpHr9nffNVabgTOpmALerFi7K2,NA,NA,NA,12,10000
ESj7HhPhOiYgGAsyInGrSayuOq92,NA,NA,NA,12,10000
r5k55lItloX9NSblQ7EycsaFufF2,NA,NA,NA,12,10000
dt3PLBOTfTMLh7IzKrWxQe4piml2,NA,NA,NA,12,10000
v84epveDbqRuFETyOWkwe8XlzEt1,NA,NA,NA,12,10000
qXmq5nhol5P5ucczAYDnlurwr172,NA,NA,NA,12,10000
GvANYCyPJYYH2A8FDHGfZHR6V0X2,NA,NA,NA,12,10000
84tjNIl9tWaeejqzjPl5zXIbZxx2,NA,NA,NA,12,10000
vk010cMCWVZgbiCzWzgOg9BNZZm1,NA,NA,NA,12,10000
mtONNjDalqQXqQ6rG0CZZKl08au2,NA,NA,NA,12,10000
z6ylXqnqeahwTrwIhrsyyXak3Ix1,NA,NA,NA,12,10000
slALuRwQ8SXquL4ZDJ5FdEUolyl2,NA,NA,NA,12,10000
Ng2yilkwYNfSWGvSs4rA2uwqW4V2,NA,NA,NA,12,10000
eKRHO5GgBsOvT68zhYlyv5JYhYn2,NA,NA,NA,12,10000
wM6Mlaqc20NBzoBEaYi5la9Ggnk2,NA,NA,NA,12,10000
31qTKva31UTGf1Qetl7y8lRZNyW2,NA,NA,NA,12,10000
ZvBu7HwQgiSmYKq3qd92zOqO7di1,NA,NA,NA,12,10000
7TiOTGVK0YMfkh0xGrwkeWdOqID2,NA,NA,NA,12,10000
5BGEXWWlIzcXtHYwzqve2Y26RIf2,NA,NA,NA,12,10000
HyfM1xzylqZUK1pFhe7nguqTkpx2,NA,NA,NA,12,10000
dXHYivwdm4cbkZ0Kevl0Uaoh7ix1,NA,NA,NA,12,10000
nfcFBHAKRPQuupL5GC6EBMGOmUu2,NA,NA,NA,12,10000
MhyChfsdX1NFJldbATi8wglxuND3,NA,NA,NA,12,10000
UIyix7nmxqcd7quymMfArc40oZJ3,NA,NA,NA,1,10000
zwv7C15MrKVAKUiedUiR8YBeMgr1,NA,NA,NA,3,10000
fudfDyWMFzSEpYjZEQsttmelQ6G2,NA,NA,NA,12,10000
aQVo4esZ3TgRzVP4dRJ7OPT8hXT2,NA,NA,NA,12,10000
F87ICWqRNoan3JsV0iEF6ADTXkJ2,NA,NA,NA,12,10000
OkPLaOP83Feo69atVrOHbrMT1Kk1,NA,NA,NA,12,10000
6RlMty6nF3V1ROuzJuzGmVyX3Dh1,NA,NA,NA,12,10000
q5S7zsNOxoT3oQy2Xw3o0zS0pAk1,NA,NA,NA,12,10000
u7NLBiLhQpOcept0wZxwgioSwjn1,NA,NA,NA,12,10000
Xb1ugWuunzallY8RALKFaTwXTUy1,NA,NA,NA,12,10000
G04q29v25HUt9arEgLWmQHzNKeB2,NA,NA,NA,12,10000
1YmptehGO2ZIYK2wFoeWP6zLnze2,NA,NA,NA,12,10000
QOmoOUZN1QX5icd91bBrhPMAnRQ2,NA,NA,NA,12,10000
HdRSQTHLCYaGpkX5XsPYyQ644mk2,NA,NA,NA,12,10000
GzP5MMI5JvgXFRHt5GdiWY0JjTt2,NA,NA,NA,12,10000
DgpusfPdYjdh99EJmedcaQkeWaM2,NA,NA,NA,12,10000
1mbj6urDFEfW3dLBbA7Dvwr2W262,NA,NA,NA,12,10000
ljXNWcmFAOW00bdpMtO9MsiCauI2,NA,NA,NA,12,10000
Iwo0piVikvZ6lOuTmystF5DO3aQ2,NA,NA,NA,12,10000
fH7SQyPOL6fJOlifW5NGXVgufkm2,NA,NA,NA,12,10000
T0Jpro9SUZVBdL4tAjY4EpLusDC3,NA,NA,NA,12,10000
Zdk91eCtsIgOTq4h6LxCDDJsJoB3,NA,NA,NA,12,10000
8L9HiTDyerNuqCR54DRdHWEldJP2,NA,NA,NA,12,10000
XxeV8uviX1M8P1yx75YDKLPRhwf1,NA,NA,NA,12,10000
eZ51R6SjPFT83clvS2ckTkjJyRx2,NA,NA,NA,12,10000
XfDPbBvmPuSotHzM9mcmhAjPjMd2,NA,NA,NA,12,10000
UlVLJGHplLOZHk5Bmiq0OcGvLHw1,NA,NA,NA,12,10000
J2g5D2DP36S1M9Zxy4aBX0AYS5g1,NA,NA,NA,12,10000
p7FKhiSdAba19zVnF5z1DpwAVk73,NA,NA,NA,12,10000
W0pOCM07SZPB0gmvwNzTxFXbV7t2,NA,NA,NA,12,10000
wFJkb3wqNzONEhTmzOQQ929bVgh2,NA,NA,NA,12,10000
8gtd9R3icRei49Lepu9oAwscOZp1,NA,NA,NA,12,10000
urKxCgvb8wQQ9wbSGZ87H8Qccrj1,NA,NA,NA,12,10000
AyT8GUwQrjU0EOdSvwkhgC66rZE2,NA,NA,NA,12,10000
Ng6mQ7Lbt0TPbOA9k3pBIPV77gI3,NA,NA,NA,12,10000
7wUkeXK4NsW8nJERjO1bcjR2nrA3,NA,NA,NA,12,10000
x0WvPXfXHlegs8vEje6JcU6kJAN2,NA,NA,NA,12,10000
1fNp7hGiQrXfEncBanpqdSS0Ueg2,NA,NA,NA,12,10000
ikA0zB4udVbg33SxSfhdgp3F69E3,NA,NA,NA,12,10000
Alexwz4basgDQd2UQ4sW15WVtxC2,NA,NA,NA,12,10000
cZhGk8IK6zXiH5XLcpTTc0a8EwM2,NA,NA,NA,12,10000
51OAQ4l5mCSPnMMJ2vlQuLRJUUB3,NA,NA,NA,12,10000
SlF0KZ2CIuUSZf4w4lIjloaRWR53,NA,NA,NA,12,10000
io8lLn2WXoPBMdFQDAYk1IHYk7y2,NA,NA,NA,12,10000
059aVadcO8e3wSNtlcXaQLOf8NA2,NA,NA,NA,12,10000
9nlTNqxx0WPeiOr66gRgcBjn1bk1,NA,NA,NA,12,10000
7OVgIHqmb1WDLUwgs8rDzaaybut1,NA,NA,NA,12,10000
PWR0wxeiMDN8kucLqGohout26c32,NA,NA,NA,12,10000
nbK7Y9a6VGgWeD1pXxlXaxjDH483,NA,NA,NA,1,10000
uxniAI9lqMdf1dcNW0ESt1rzYpN2,NA,NA,NA,12,10000
3SUGK120a7P1rc0lFTVbCQ64llq2,NA,NA,NA,12,10000
QVubTK1502XNiFGXTD1d4tKBqIi2,NA,NA,NA,12,10000
Xb9plP2GIdbQpBZKej5MyLZjOAj2,NA,NA,NA,12,10000
vBeEKuCIGvO0ju25yYf8SuOKJ2m1,NA,NA,NA,12,10000
ZzCtQ7yZAUcaBktKd3KoaUjw6rn2,NA,NA,NA,12,10000
omJoBkeEQ7OlmoRfIVFOIdUEpuy2,NA,NA,NA,12,10000
SuNpibVdxobzlTki77EA8tmraCC3,NA,NA,NA,12,10000
ebobp2Po0EaGUmHyf9M6q6Zm40i1,NA,NA,NA,12,10000
EnZY8eTCTYQ5YNuFIag8Szp3X3h2,NA,NA,NA,12,10000
LpPE6ujPjjaQnsEdxisFgYG04NU2,NA,NA,NA,12,10000
tPqEOcjimhPcMsz8vo71ra3Ch6r1,NA,NA,NA,12,10000
IdzMJmzeayRbYfoXHt8QCTlL8hp2,NA,NA,NA,12,10000
MZ1TISYdVpaHBEiyf1MklfVJbKA2,NA,NA,NA,12,10000
qN5myXI3IUTnyUMJffK34aLKI572,NA,NA,NA,12,10000
CYjEoRk0SvOUSuLGG1PID8899qD3,NA,NA,NA,12,10000
FpeBWFCYHuOSD4tKKHdbRiQJz4I3,NA,NA,NA,12,10000
lX7iunjs2agTK9d71n9EswXUKMz2,NA,NA,NA,12,10000
VuJt0PSZ1QfiVLUoEM508zUdsYK2,NA,NA,NA,12,10000
l1pK50newnepC74aImmQuxgI9Pk2,NA,NA,NA,12,10000
njCNHqNEpQgC5N8i87ssoiBKQJn1,NA,NA,NA,12,10000
nvGga4TJLQVimXuqnuRDwbbq9mm2,NA,NA,NA,12,10000
PUxzjH60BueOKegD0u6udgFbq6O2,NA,NA,NA,12,10000
8ZVs8isrx7MyZrGLDFhaljzRRQR2,NA,NA,NA,12,10000
Z1naUsdpSPXJnv9HhEThl7VAmqm2,NA,NA,NA,12,10000
AwTnp7rqUQZgok2prNbdUm4dgj73,NA,NA,NA,12,10000
2rA7GUegBnTDSCM5X7quUA2qPTx1,NA,NA,NA,12,10000
20s2ZZcQoleQGV8ST4uduqMOaDo2,NA,NA,NA,12,10000
vvHJecz2r6UYN5baN2biDR5IKy13,NA,NA,NA,12,10000
lg5JwHGBh6fh03OblsYwXYcSzll1,NA,NA,NA,12,10000
XcLYuLzKfUXuTaVsms4FSTmmOMu2,NA,NA,NA,12,10000
GDd6xCzCiPMrXyreQkYmXtsoHw12,NA,NA,NA,12,10000
TO3ixYBaxTP0u0XpAG3pSMWwZNC3,NA,NA,NA,12,10000
MFAVHKC9EPMXwGMO4YTE7drbxug2,NA,NA,NA,12,10000
RzkZALe43ha5u2adDciNRLBten62,NA,NA,NA,12,10000
K7AFIHd0j0bcx61jt2CbBjPNOSG2,NA,NA,NA,12,10000
Wyzwlw67MJb4GPtRDDWRteLdhEy1,NA,NA,NA,12,10000
DCJf5QI6msdG6z3h4qf9ncQtyNf1,NA,NA,NA,12,10000
xJGNtWObK5SCr6AeZz7JHieKDzr1,NA,NA,NA,12,10000
zUpXPXA9kiVHtArArZYURF6VsEU2,NA,NA,NA,12,10000
rtnmZ1S5zGZkscArWydUfImeRu32,NA,NA,NA,12,10000
11RYzxSHo9aLcztCL9hRqoyxqzW2,NA,NA,NA,12,10000
IbVxwPgPHnT1OrDZUPHViAwDGEh2,NA,NA,NA,12,10000
h8A7KVqym3aFeB2a8OTauJEXjpq2,NA,NA,NA,12,10000
GHdgMuYPc4RNV9xtHSbCK41H6E62,NA,NA,NA,12,10000
vRmZkBt9JnPF6pEja535JiaIYdr2,NA,NA,NA,12,10000
LPCzh1PRJXgNVhL4SiXFzvMse4t2,NA,NA,NA,12,10000
IYDuCVc9lraARFfYgGa7h2gwAao2,NA,NA,NA,12,10000
ndabag0dHZTLo3ntNfx7EjKCG2D2,NA,NA,NA,12,10000
6Mdod1gtyMbrgQ7xIinp7QMV9533,NA,NA,NA,12,10000
IJNrhwZUvxXaeO6sKfnWxVo2ukh2,NA,NA,NA,12,10000
k6bp2X3podcmqJspYSJuitC91hl1,NA,NA,NA,12,10000
upKkGggu76Xc2T65oGdqDmGI2qI2,NA,NA,NA,12,10000
jGuYpHVeu2OodlqkRY59fHYds3J3,NA,NA,NA,12,10000
WkagBmZPHCaAbRnbMwuqBO3o2sK2,NA,NA,NA,12,10000
w5csQrNEWiMWYJDxGscbPX9Pvf03,NA,NA,NA,12,10000
6bpESau2zTN5KmWbO0ADi5IR6rw2,NA,NA,NA,12,10000
wLGTrtL7zCNDEFjK51CmCBOMQL03,NA,NA,NA,12,10000
K252LGuANxg5Kfr4yIRoAUIDiWd2,NA,NA,NA,12,10000
cHotrpwtTofm8M4TWF77EDlbgj23,NA,NA,NA,12,10000
sKrTvCR2knZtHr8Po4jYwIZQ7pH2,NA,NA,NA,12,10000
ofgXsNMtLTawc3s4WSdUKNaE48m2,NA,NA,NA,12,10000
s91PayzmvoQVzrFeTyI3qSxK91t1,NA,NA,NA,12,10000
exDaWZQr6egFy2HHDiqDmnty7UA2,NA,NA,NA,12,10000
gD8SbaxOEnPW2YVEXPKxzeVtTJy2,NA,NA,NA,12,10000
uhLalKCSIzQhlGCI1tTAdSFeRQh2,NA,NA,NA,12,10000
OVQgkVsfr2anBDCCif8nf2yblhf1,NA,NA,NA,12,10000
dHkedfsrSKSxEgK7dBXggev11h33,NA,NA,NA,12,10000
Z0eycfgHaARkmAQV9y04mDuMumF3,NA,NA,NA,12,10000
ZNjYkZZYdkZkNeRnACsGgc9c8hl2,NA,NA,NA,12,10000
r9vL8irTkPUAnrUuypVY3VAACnu2,NA,NA,NA,12,10000
8EuKmx6u4uh1sUYePHETBx7SqwA2,NA,NA,NA,12,10000
ncxtb2H37QN7qywnQnJyoH2Lm0C3,NA,NA,NA,12,10000
4kFxL0XhZwazORJw5L6XkFX47rE3,NA,NA,NA,12,10000
amCIU3oNNRUjq1os4etVuuRx8tx1,NA,NA,NA,12,10000
ksADg3fN8BfNgFePreIcnQ4YoUz2,NA,NA,NA,12,10000
REBfJp3qnlT3enisbRpDHvFipwJ2,NA,NA,NA,12,10000
j7EI4WR9heVkybwDtoo0MEdjaGQ2,NA,NA,NA,12,10000
zt6FTdJOpHUdvTjuJiJHmq1mzzx1,NA,NA,NA,12,10000
nRXUFdAM6lgt8SCwj3qFX4T9jkU2,NA,NA,NA,12,10000
hAiRFqdqbxORLqc2OyR5PZBwhG83,NA,NA,NA,12,10000
JIuM54rEmrYmhEspOqXHxiMeaBB3,NA,NA,NA,12,10000
2JEsdK83CiNOrXIwRHqrpY0LrzW2,NA,NA,NA,12,10000
hF87q6QNKAQIkfzTxUWON9GTAag1,NA,NA,NA,12,10000
5JkDrWQyMMSj5TufYSus9FCJQrT2,NA,NA,NA,12,10000
5U2zm5E1k0ZYiHyXYEyXMlE3YsH3,NA,NA,NA,12,10000
9WxAX3dpbLMqcmkQhGYdj1phCu73,NA,NA,NA,12,10000
V9hx49JYSSgdTGlklODaxtgiibj2,NA,NA,NA,12,10000
0dKkx7fH5bgRVREg1G7iTotl7Li1,NA,NA,NA,12,10000
H2hwEQSrE5TnNWnaGT6kqCZPxOh2,NA,NA,NA,12,10000
TWbxwqLhCVODg0QCJyxOMqbJPos1,NA,NA,NA,12,10000
gS5SFkBMPTW8A9fo6QIc7PtfxyY2,NA,NA,NA,12,10000
6wuGCEaVbueNgQMveNVSvaG33142,NA,NA,NA,12,10000
TQrjbVFUDSUgAmNFK4paXwHbHUH2,NA,NA,NA,12,10000
cKi0Ry9AfkXlWONIFhvyW9KWWkQ2,NA,NA,NA,12,10000
luPhpP4T8ubWrLT5O9dzdSnWG5F2,NA,NA,NA,12,10000
Zsl492ru6TaBYC1rEz2btPxCFxA2,NA,NA,NA,12,10000
fWXJGOWYRrNWH5W3gEe18cMTQDl2,NA,NA,NA,12,10000
ZRxQQApJlqNJb7nHb4v6tTvbxK22,NA,NA,NA,12,10000
37xaJFU792XqRGupV83JqgsF5pG3,NA,NA,NA,12,10000
dsJsqnmoHlgd7FIvkpgBdQUIaGD3,NA,NA,NA,12,10000
BTLpbiT9HfbrbmKSOx1VKpLC7Rk2,NA,NA,NA,12,10000
jbXfpF6UM8eVCXlgpBkSQYF68nI2,NA,NA,NA,12,10000
hMiAiZNNGShvnM0eOd1iv6uwapT2,NA,NA,NA,12,10000
hqCgR0k15Jg5ELTVrTRJ0igEIep1,NA,NA,NA,12,10000
S69IXCtH18Z3CC9Umb3vqVagaWJ2,NA,NA,NA,12,10000
zoywky3aQxOmnI8wKdec371Rbjn2,NA,NA,NA,12,10000
SzORo124C8Y3mxwTXlU0ZWrR1RJ2,NA,NA,NA,12,10000
CnRsegVBqeU1I7zitBEyyQlVxwf1,NA,NA,NA,12,10000
7M9Y3v3QGWcVEUdn3zMhQQvMfIV2,NA,NA,NA,12,10000
q06w02mqqOV23zWFUE9WM3xg7Dg2,NA,NA,NA,12,10000
LW42ebRTPNTB5lbflNm229CSAFr1,NA,NA,NA,12,10000
BNJYFVkhItSsmwtPPgop28WGD5g1,NA,NA,NA,12,10000
oCcs8BxwT2a9S9BLSBGTFr2lTj13,NA,NA,NA,12,10000
cnsZXq2mt5cpEZlft2dSXUetvn62,NA,NA,NA,12,10000
RlIlnyp8OXV0cbovUK9cel9irtU2,NA,NA,NA,12,10000
cyT9AbEOxtUeKXI0ErC2ehU0TX62,NA,NA,NA,12,10000
JczHy7JXkkZhgkIkR529Vfdhuuv2,NA,NA,NA,12,10000
n6o5FwQ9dtW58P2rbCQ09iv88Z82,NA,NA,NA,12,10000
W71GlKFj8aVh9vQrthpd6fCdpBy2,NA,NA,NA,12,10000
8DebXaOgrLOkKzYf5qguUrwkvEG3,NA,NA,NA,12,10000
pw6zxQPrSTV4pKRROWD37pZx8mF3,NA,NA,NA,12,10000
5aPsw2ukGNRdCyB0TWaAO7x115x2,NA,NA,NA,12,10000
Q6nrL846zyYLM0Cjua35NuCvIsn1,NA,NA,NA,12,10000
WlnNGRZGFiOWRh1lRzhdZw94Eg03,NA,NA,NA,12,10000
HbolW8m32wUCcFI7t5sVlyIsgZ82,NA,NA,NA,12,10000
dmHriI70taXw7u3NGJ88wk5CsI32,NA,NA,NA,12,10000
CfJflGWJWNVATRg5LkFsfhqTZyy2,NA,NA,NA,12,10000
nZEqTZgbZAdR0209DttZo8ClmI32,NA,NA,NA,12,10000
eqAeOIRmo1W0OSre5I8silG35Tm2,NA,NA,NA,12,10000
FrA0l0JvqranKl7dlQ6K68Wz8kW2,NA,NA,NA,12,10000
5M5wxwV3y9WoWcZY5XP9gj1wNpc2,NA,NA,NA,12,10000
f5KGnJxA87bGbrdwO8169z8LSLL2,NA,NA,NA,12,10000
Q0ysjieHlAVFdE0OtZ9puT1L4ku1,NA,NA,NA,12,10000
1Iqp154usCYYyuyEpU53wnoqdz62,NA,NA,NA,12,10000
3s2aNbXfGJPYMV7KilEP0VoELNl2,NA,NA,NA,12,10000
bfWpYXG5I4Xi6sP1peWaw5tO6S02,NA,NA,NA,12,10000
4KwLTzSfZHV6xuYQwoHm00YwdYP2,NA,NA,NA,12,10000
9xn6oyNFyCM7itgIGEH80EASZRE3,NA,NA,NA,12,10000
anyiF0oKEfW5KtRE0vZpgZZbUYU2,NA,NA,NA,12,10000
N92b7BlvEeZ2BqWSAU6akXq1rik2,NA,NA,NA,12,10000
PQTaQEuZ5yfLTx20QCBft9pCOFw1,NA,NA,NA,12,10000
dH6X2DVQK3csRGtW2ODsGmjvhgS2,NA,NA,NA,12,10000
rI3pgImNjWOY18omACDpXMsjhN03,NA,NA,NA,12,10000
vDeRFtKi1aTSafJOESUoFeuWT5v1,NA,NA,NA,12,10000
TxUYu8tmMTS1sD8QUz1dB0yBIRK2,NA,NA,NA,12,10000
pXCwnMAP47co9EZGIBpn6A9SZE33,NA,NA,NA,12,10000
R4YI5j81JPXhW7iG5o9VExtUJIH2,NA,NA,NA,12,10000
ubjjkPLxmzfJ2vf8r70CFmp8q2P2,NA,NA,NA,12,10000
yJUyTUYDAoXqzZPHYDUTW71Ui7y2,NA,NA,NA,12,10000
u13BZ8qotlQNdWt28irjfL0nh5t1,NA,NA,NA,12,10000
3KnV5IjYykRo9KVTLUBKXwDJTpS2,NA,NA,NA,12,10000
7e7TRulUN3fzivCz6Me1dnTvrfB3,NA,NA,NA,12,10000
4F28N46NYrcJZTOkLTqxt7DSPR63,NA,NA,NA,12,10000
Z8C507g714WpJQQSdqNUpAPoxv52,NA,NA,NA,12,10000
E6eelf4l9sbWSC4Vcwe44fjMi482,NA,NA,NA,12,10000
XSqZYg6sp3cUT9fX7VypfRFLu1h1,NA,NA,NA,12,10000
wUqiC5P9ZZYEK0gMBMkUizqST7X2,NA,NA,NA,12,10000
eW75cwDawGPDJmJtIsD0yZDSWLv1,NA,NA,NA,12,10000
06OD7TW72jO671o0nDgeZDnbzPA2,NA,NA,NA,12,10000
qtnICigG6FZMNJmRqAOIQP5FxF12,NA,NA,NA,12,10000
dd04KnkYNtSdeK45YxNfpjCeXmH2,NA,NA,NA,12,10000
W4OR0owXbyScB2Ko4PuhT9Jyo3Q2,NA,NA,NA,12,10000
6T6UyAisRVgjgNnjDRniZSFwhTX2,NA,NA,NA,12,10000
c1Ax0yNfAZVVrZzUqrPTmezRG2i1,NA,NA,NA,12,10000
4w8saZxncvWb3Xp6GFnL66LXzSm2,NA,NA,NA,12,10000
5v9LR8DTWLQgiIp9vB04xilcgyh2,NA,NA,NA,12,10000
UIpF8lLETOe3fHHSv9dAoTfvinF3,NA,NA,NA,12,10000
tLnb54DJi4glMMBT9Rgg4xydgv72,NA,NA,NA,12,10000
R3uRPcPrQYSvALMOyhOFhCNr1Zx2,NA,NA,NA,12,10000
4yfcRFS7jWW8gTN4ttpEbOtNGm33,NA,NA,NA,12,10000
wHX8JCYZMHOLA2gCzjuBhz19eVU2,NA,NA,NA,12,10000
amxBseRwxMMfTNNDRQjFAcibAKK2,NA,NA,NA,12,10000
TLtZJ6IMfUOQHM4gQLue7YPjwZu2,NA,NA,NA,12,10000
ToNqrNRVVae4Qy73Ht5eMY2iwZo1,NA,NA,NA,12,10000
I9FX3JgFZRd5Af4F9GQWobyhNCG3,NA,NA,NA,12,10000
G72UNEwSkHTlrzZy3t4CJ6naKS62,NA,NA,NA,12,10000
uhahca6jzRQgBD2eWfTDvotdDIA2,NA,NA,NA,12,10000
t93uShSm1LWicJKtrqkMlKg2OPL2,NA,NA,NA,12,10000
lLFBstNW6GZXxxZjVinqkM5e82I2,NA,NA,NA,12,10000
5QNTUi5GN2e1fI9cfy6nox267eC2,NA,NA,NA,12,10000
Z1EKkBxlWBX9q0miVwrwJFBSLNC3,NA,NA,NA,12,10000
Kmqlm5QDBeUbaj3qQV4rkCIk5AX2,NA,NA,NA,12,10000
jNhe0fHtFdVoZ4JFnhYjJ6QiVBq1,NA,NA,NA,12,10000
zrmOF2qPPLMIFHYbN6atP1qxHRf1,NA,NA,NA,12,10000
pju3fdQGtOeBY2JA8hAsM5Ew3fi1,NA,NA,NA,12,10000
yfnEpJJmrhZQZI9arknPKSZqs9C2,NA,NA,NA,12,10000
wvUHDPG2blPxeHIIXu1oNPnVxkm2,NA,NA,NA,12,10000
ZnMDUiQugJODK02JDNRUSjdWBGM2,NA,NA,NA,12,10000
6rY4nuHu4qPie2u0vWZ93E47R243,NA,NA,NA,12,10000
AKfKJXkApTN3qqQ5AXI9h2k8Wi32,NA,NA,NA,12,10000
uMEIUHwasDTKZYpvb5XdUiOAdiJ2,NA,NA,NA,12,10000
Rw1144Q62raCHXjEoLJTb9nmxQh2,NA,NA,NA,12,10000
SpTKJ1HWUFMoXIgOjJOXklHLf532,NA,NA,NA,12,10000
AVmeBOtUAFeYD0aMy0huRJT9KJs2,NA,NA,NA,12,10000
HtLpOxfXJ2NAWWzfCdY12R4RtJV2,NA,NA,NA,12,10000
2LJWerLQykO8PEwlQQX9SenMiu92,NA,NA,NA,12,10000
1JPGWMpK41b433UPbwudse1nmzt2,NA,NA,NA,12,10000
aaUPvpRuL4bbsKa6nTcef9i7Urn1,NA,NA,NA,12,10000
DgmbNSarsrZ9QeKcLnJckGq4Lug2,NA,NA,NA,12,10000
BfbBy6XRKLYmjrH52V22PKRaxAv1,NA,NA,NA,12,10000
vNbwhaOF6hWJFoLzpbuTu2U1WtN2,NA,NA,NA,12,10000
20uCIcGEWiaqaVujdN1Q8ySud4y2,NA,NA,NA,12,10000
xogmMFsxATavEyydo4ZW4Eo2vJi1,NA,NA,NA,12,10000
pjPpA4urYGXuxVvY0Ka30ZmlRuz2,NA,NA,NA,12,10000
0wWdu7TTvXcx20pSTZwNJVFl7np2,NA,NA,NA,12,10000
8BiPKGd3HSNbNMhqmR0fNF6ZvXa2,NA,NA,NA,12,10000
iFQpWDy8b9bIMCxYkVlh4qXW9pG3,NA,NA,NA,12,10000
P7dOMVUZ4hRCqlfgpJ1J0V4o99g2,NA,NA,NA,12,10000
yfbYDvU2ovbPdLqtbsvPgERsd4C3,NA,NA,NA,12,10000
Pmddb5kKcnMCi7UkKt05GhIOIOG3,NA,NA,NA,12,10000
WdkyyxcqWsMc9PM4qqVL8GCVCWX2,NA,NA,NA,12,10000
66oZlT89CXPtTKAXOY1yJJ6HEY12,NA,NA,NA,12,10000
ul3IklNI2QgsNlbNvRtEfmu2IQp1,NA,NA,NA,12,10000
PycB2NOAA8b85nAZSeCmiNQwA5j2,NA,NA,NA,12,10000
HZXVzRxH8HOs8mnq3JfcnMA9ryh1,NA,NA,NA,12,10000
HLH8Nqjqa8Qsj3UklT1uO2lOX503,NA,NA,NA,12,10000
TpMxup0rnDXgV9QyhZyzHlDzyBN2,NA,NA,NA,12,10000
iN13WINxFoWhgWXuIBTx7dCS5GF3,NA,NA,NA,12,10000
0Pb40hMyBRhqy8gcCUeeHJGcH2y1,NA,NA,NA,12,10000
VLHeg6FkJ7e98ZHRUEBYKMwci9x2,NA,NA,NA,12,10000
hcPBPJ9grCakFCgheyx3E0ENiUx1,NA,NA,NA,12,10000
gSYGX5kp0rgKvGGGi4jl2Xp8Gek1,NA,NA,NA,12,10000
TVa7uL29xuU1eSYwOs07hQCv4ny1,NA,NA,NA,12,10000
tAJeIzosoQcHn4RsmtCY9V5HT8z2,NA,NA,NA,12,10000
m6iuY4HEc6Wxr3xwPBOMeKt3JsH2,NA,NA,NA,12,10000
muNcnycF2pUdfu7yXyD5vGPHGXA2,NA,NA,NA,12,10000
bVmBhwaJGadkzOrHyijSdQTA7Yp2,NA,NA,NA,12,1
aUJk97Jmv4a9qff0EF6Z0wyc7dE2,NA,NA,NA,12,1933
GrPfhFckYTQqSAnrqD1ojvpUWSa2,NA,NA,NA,12,1933
MoOw6KBWzbMZcnkpHKkQahps7s03,NA,NA,NA,12,1933
wSojVcGeCXWCCF029NeohpXISvd2,NA,NA,NA,12,1933
6SBqvOg9YhWo6inAMXUGUvUq6783,NA,NA,NA,12,1933
xyIQwgsSHyY5bS76lYaZYk4JVyx2,NA,NA,NA,12,1933
HJhFclj4GMNYNwiCPLSjLAzVfGB3,NA,NA,NA,12,1933
bEnC3QQpCdcSl24bkPRgU5Y0m883,NA,NA,NA,12,1933
NQ11bzs1coQD0EzohRozEdy0QBd2,NA,NA,NA,12,1933
KdX0JJFhYvfk81uZfVpIC7FX9K52,NA,NA,NA,12,1933
rsBgs7eiKQQn2FfR9Qo9bG8vsKL2,NA,NA,NA,12,1933
3NpByqGNTDhccw8yQ0fanDJu0k53,NA,NA,NA,12,1933
URq86liLWIf3h3yeDzuIqxeIjes2,NA,NA,NA,12,1933
t7R99bHEiFRQhgJ5UsSZtGyhTlO2,NA,NA,NA,1,1934
3FYP5BshcGZEix7wnNBFxxUGLTd2,NA,NA,NA,1,1934
Ve8ktTyJOJeDjfhhZK2kNHDnYwx1,NA,NA,NA,1,1934
Jd5DHeWPGCWyDQugy7avbF9pTT32,NA,NA,NA,1,1934
587BtN5w8GOkuzPKuaX4Y7a6SHr1,NA,NA,NA,1,1934
uK3IMPIhVDTU1OLQYVS2nqyHcel2,NA,NA,NA,1,1934
Lc8eemu0AHOhxeRuFq8T9gXrBgz1,NA,NA,NA,1,1934
FROARGwJWMONT3KC8nL5CFPrMSu1,NA,NA,NA,1,1934
hbDlgHtEixU2t3RCBVnxi9Huzq23,NA,NA,NA,1,1934
bg34aqKQdEUWqPWfmUZnPOiqVkT2,NA,NA,NA,1,1934
Ckg1qpaPWRVaZHnqSRfLx6yNWG52,NA,NA,NA,1,1934
ZhNRMFAlj9bzoGJrKGv6sJ1Z1JC2,NA,NA,NA,1,1934
Tm8EAyaGYQfiry3KcHj5d2kmkxd2,NA,NA,NA,1,1934
t7DTCYj8IUM4pBi7eGqKZYz0xLk1,NA,NA,NA,1,1934
4C1j7f3vKmWWlnJG1kOlq9g8RfU2,NA,NA,NA,1,1934
Sqm0RxeG6WZb0YR21hg53yuIAMA3,NA,NA,NA,1,1934
pqrwwI6mCXdVsDVd1rmsjnjLKa43,NA,NA,NA,1,1934
pdkoSHjwbeZ0kek3zxK2iZ2AdC42,NA,NA,NA,1,1934
VJDzXDWD8qPabosurgl3irYXegl2,NA,NA,NA,1,1934
F1jk7dozLiP9Sz6dvedPOz4VLp83,NA,NA,NA,1,1934
fZEFc5vJ4phSewNF9uV6bolmJIg2,NA,NA,NA,1,1934
qChgQkxct5WNGJF2UrQEulmla8s1,NA,NA,NA,1,1934
AolOcZsZSnZ4a4aQ85CkYDF9cs62,NA,NA,NA,1,1934
1ETVKswchxNIiVRSJj1OIrpB48p2,NA,NA,NA,1,1934
hL4ExEf6dXROQx8EXMzzbPWfSgv2,NA,NA,NA,1,1934
0thpLNnY4DRTgCg1IFUP9x5yn3V2,NA,NA,NA,1,1934
WDmU07TR7PQCwJiy9dpdbyKcvBt1,NA,NA,NA,1,1934
VSU5jVX5eFPnTbNtzmcGHjVvY1d2,NA,NA,NA,1,1934
oCFnwktDYneDLgV6eEAgoh9bCrw2,NA,NA,NA,1,1934
w4w7Id5TqBb17yzvNeeMh9YbJOa2,NA,NA,NA,1,1934
tTQoIGzNEoUaAl0yp5cKzeoWHyb2,NA,NA,NA,1,1934
sGNrBa0w10VPpUur9PuEwmoptL52,NA,NA,NA,1,1934
ktBH2tmUy4OVeb4qgt06c6eT1aR2,NA,NA,NA,1,1934
Q5o1ZFydfoVA4bSSf5yWkh5185q2,NA,NA,NA,1,1934
jrQLgEzKcZfbfxv7OI4Trlm3w9p2,NA,NA,NA,1,1934
GB1ObJ4I8ThW1tNvs0LC9nbAKOK2,NA,NA,NA,1,1934
bh2NkDdDy2aOOivpNSrUTte6XxW2,NA,NA,NA,12,10000
np6FHINA8xZc73iZS2rvisqwg8D3,NA,NA,NA,12,10000
jwIixZmqSJUFHfTZ7dX9VRxI42k2,NA,NA,NA,12,10000
JaxUygWyoYRFaMV698vt2hDquB63,NA,NA,NA,12,10000
J02aksgEDeXDpTeIbfXE8nyrOQx2,NA,NA,NA,12,10000
6MgvWDeQ21S5hciBqXWJ4wQIIZA3,NA,NA,NA,12,10000
oIsDwUuFI6bMsgu3DQ7xGNuBJ6h2,NA,NA,NA,12,10000
AbDjIphcrShWqAGZvrZqg2rdgjo1,NA,NA,NA,12,10000
Ry1Mhf1CEGOv5MJFb3H1Ocyf9uo1,NA,NA,NA,12,10000
3MbN8wchISbEjgzBokBLP9EAoDH2,NA,NA,NA,12,10000
Wf8HJkbF4MW7Q8DhICxW6rrC9uE2,NA,NA,NA,12,10000
Gxcatm8iBLXv03t98GZC6czFgXt1,NA,NA,NA,12,10000
PBwZI3V7k4cZBb5iNiWUIHd3Ubr1,NA,NA,NA,12,10000
xB5LrQg3TQeIXB79LE4C59NKYT43,NA,NA,NA,12,10000
8eUoUGcZcTTVIGyosSOwnlucoU23,NA,NA,NA,12,10000
fCkzGrj7DzZO0iRViRlB0qHGzF73,NA,NA,NA,12,10000
fsm5Azt4dAgSIcoY8UPuD4bzfzY2,NA,NA,NA,12,10000
KoWaefW6NpWM7Rh9mEkqPQfHelH3,NA,NA,NA,12,10000
1AKg8G7uJcdEhiTDle1b68e4yHT2,NA,NA,NA,12,10000
QqLJi0VIYWTrpsh8pkt9zT7cqvw1,NA,NA,NA,12,10000
88RHYkS5QmfTNJPBcahKGlDbe8l1,NA,NA,NA,12,10000
72Qq53wCU8S3iXd5x4OtyXhOC082,NA,NA,NA,12,10000
VNiFSUOUFLg6SjtmMqPxhg9Okvy2,NA,NA,NA,12,10000
OlkhooiOngNEx4TKddOabMuTsot1,NA,NA,NA,12,10000
MEIVuiHMy4QOzMo6NHBciPMa8FD3,NA,NA,NA,12,10000
L1NYQ36OzTPhBO7eWJBW9RSoS6E2,NA,NA,NA,12,10000
gzob9esEWnTYvYQixi9Qsz8wlJV2,NA,NA,NA,12,10000
Hq5YOOSUJlc76Zp93H3UqCxAPYW2,NA,NA,NA,12,10000
guq3RNsZlLRtQhwcAGn2XFcJbLx1,NA,NA,NA,12,10000
h4dKEl83iMPC0bEh2UO5KPkwJBN2,NA,NA,NA,12,10000
fl5RVPgQAZZUSVJUUMT7vogaTsC2,NA,NA,NA,12,10000
biKb1uf6laZdUC8yNbtJQOu74eD3,NA,NA,NA,12,10000
ENwyiehNEBg2TUYTfTN7D504z6t1,NA,NA,NA,12,10000
0SH4RflqVIfcIZ5y1vK3g5yBpl63,NA,NA,NA,12,10000
MQu8vFkyG2fpshwz241brMDxmw52,NA,NA,NA,12,10000
w9Qu5GdrODfieUiiYEUzwaoSKMw2,NA,NA,NA,12,10000
OCmYHJcCJbaxSBGICFaTaY8Rw3h1,NA,NA,NA,12,10000
tHuEWnAlLyN4ZwSJFfignuxygK92,NA,NA,NA,12,10000
V8J0MacpCaZcq08Z2We6yU9O5pA3,NA,NA,NA,12,10000
uJlU2swXLERqAu1ByE3ubUMRn1o1,NA,NA,NA,12,10000
4vpjQDCf3jbNFEKtEuDqNCz9CND3,NA,NA,NA,12,10000
2TQZ4LJfYiWdvAysRJgbIrgQYWk1,NA,NA,NA,12,10000
99tda8qSeDO7Pqrv2ItuxOtg2BU2,NA,NA,NA,12,10000
jmCLsp1GNzaJdZH9rWtjUJKUqLj1,NA,NA,NA,12,10000
PY4m0uNAb3fGmSqSidhXoBIkHeD3,NA,NA,NA,12,10000
fhwnYtz5tGe5rxmMn8VUpWh7LNJ3,NA,NA,NA,12,10000
0mlGayDnJTSJkjoHlwdrPvBNR6S2,NA,NA,NA,12,10000
XK60DNK0klNKn5ENgoLDUrhzAhl1,NA,NA,NA,12,10000
s2N6s7IgqoQofUgNVkqvsUungFE2,NA,NA,NA,12,10000
uAozvPhsj1NVem4WZL6uozDef9u1,NA,NA,NA,12,10000
VAk3aqVmsoNuI63W1voMsSOeRKz2,NA,NA,NA,12,10000
18GaI6VVZNVRa2KPXYeRcvPcs6G2,NA,NA,NA,12,10000
rRqMSoZNGMQuyiLNglMsJpRvafv2,NA,NA,NA,12,10000
Trxfj1cRSPdEjfekKijz2NWlaLG2,NA,NA,NA,12,10000
3kPUmOOQcDNJx1HAGVpGID9M3642,NA,NA,NA,12,10000
rzuRPgPHCYUnxYzBO9TRUfeanyA3,NA,NA,NA,12,10000
evgq9S82g0UiawnjdYq1OUjk30v1,NA,NA,NA,12,10000
JojOYCRzKBWVDxoFjIcW4ivVe433,NA,NA,NA,12,10000
a37vl9ODujbEkk4e9oofmN2Xh1F2,NA,NA,NA,12,10000
Uu24GTteKUPprkt6DUjiSKId3Ip1,NA,NA,NA,12,10000
PsH59HLbogdMY0Cr1AsfEIirwNt2,NA,NA,NA,12,10000
zj54tADVIlNwZjnBFRUEByieMHn2,NA,NA,NA,12,10000
wvc7lxp2OkY5H40JiXeRtGi0UqD3,NA,NA,NA,12,10000
SqpT2UZnbpdX5UOtFS28RuBvFSl2,NA,NA,NA,12,10000
SgeoVMbUVFWmtxdsEqttvpKxils1,NA,NA,NA,12,10000
I9dS9tk6kOUCzP0H155abd07OG23,NA,NA,NA,12,10000
DFjt54LZGnXz1rsKTqUbS1G6oaY2,NA,NA,NA,12,10000
vpTLPQlTUZNWAaMusUz5nFyHm8o2,NA,NA,NA,12,10000
iCeT0TXd3EVHRWfQyxC8FUbZqCb2,NA,NA,NA,12,10000
WsDumWZZxwad3IBlfH9brKywwCJ3,NA,NA,NA,12,10000
kM8eFTGTEHbJ4xIQj40sd8uzpsP2,NA,NA,NA,12,10000
djz7BHEDpBa0Uv4fi0TJ7CfRMrQ2,NA,NA,NA,12,10000
JD0P8N9p3SSV2zVSJcgC3oNMMJo1,NA,NA,NA,12,10000
TQK9cPZK4bZnyRsiIJu1k7nM6sO2,NA,NA,NA,12,10000
6ZLUXpkMildjhbkMCd4mk7TEm213,NA,NA,NA,12,10000
PsyIkHRIgSaAdyhQs9gSuQ7woZ83,NA,NA,NA,12,10000
0KM3MFwOXWcFeLAOXd6NfcYA8q62,NA,NA,NA,12,10000
IOUpGosYMfSI6Rbf6h6OnbJmbfH3,NA,NA,NA,12,10000
Q2GsFjOiS3MUcJtxEVIfKdWTvvl2,NA,NA,NA,12,10000
F5khMkpWlqTpDPKKJdCmssorqCs1,NA,NA,NA,12,10000
vQcb1uJmuhT5afcAtRc4EahhpVx2,NA,NA,NA,12,10000
dKanxYxdL4WjgcQA6BYa92qK06k2,NA,NA,NA,12,10000
vMnADvqo35ePdIIXNBdo6DmPBfr2,NA,NA,NA,12,10000
FNjA3lg4yzZfgZWXj2C0DKTajdQ2,NA,NA,NA,12,10000
Pb0dmDcrL2O0QSs4BVmSTB5pD9G2,NA,NA,NA,12,10000
imALbZF7mKVm7gIExAJ66fSv6gF2,NA,NA,NA,12,10000
IrkVCPGP48dajUDY7c6RjR1XmdK2,NA,NA,NA,12,10000
ZTNp5PT1sQTVSN308vH1hywnceq2,NA,NA,NA,12,10000
g5UEIFReWASsUQMXOvboXaUdoE03,NA,NA,NA,12,10000
VAQ89tB3PiOl2Puk8SIKheMjCit1,NA,NA,NA,12,10000
CZg3eK6kuaX0Kfh6zZDGP8PWTBJ2,NA,NA,NA,12,10000
eUob3V1bt9b5BPBWDZc26ESm8yJ2,NA,NA,NA,12,10000
bCIrOuEcZRa6HACYcvcPbup5KjC2,NA,NA,NA,12,10000
3yCNhI6hcUdGJSVYGUN9IqyXulX2,NA,NA,NA,12,10000
xo2ZLXzWGUS2vBtZi1z2YC1LT663,NA,NA,NA,12,10000
ByuPPXdCPyUYHrAxuVMwBvDzcd12,NA,NA,NA,12,10000
bMZXybKfEkfdWoF8mS0566pNQfQ2,NA,NA,NA,12,10000
2guyuqfsOLcZOLPuVvTLwBFco7j1,NA,NA,NA,12,10000
I1zas7iJTCOynxhKuPDFFdud57T2,NA,NA,NA,12,10000
jCHRPxYT6LabGC1lrohTkFAG9413,NA,NA,NA,12,10000
0dscfChAKiRiuPPNQKNzBlUlgZW2,NA,NA,NA,12,10000
UH0V4WpAbNXHpQXXCRBoBZKoCsW2,NA,NA,NA,12,10000
1Zf0iIPdQCS6VHKWov4CQbVd6wn1,NA,NA,NA,12,10000
Y1bCOtDeJZcm1ew3Gd6lmHydSFJ2,NA,NA,NA,12,10000
ytZ838bCbLMnVFDyMlnJh3PjRQJ3,NA,NA,NA,12,10000
z7dhscTqMMOnWKo5WIGzl2yvoaY2,NA,NA,NA,12,10000
pJxgV7tj7lOSEHvDNFEoGTQHABo2,NA,NA,NA,12,10000
u4evsZg14rSP93tF7JYY7Ixl42g2,NA,NA,NA,12,10000
S9mzWrjTccdUhKlPR41XvUsQI1y2,NA,NA,NA,12,10000
hJCFbRf9iaUshJL3oqFKHExTGyi2,NA,NA,NA,12,10000
liiDHzUW0TRzOgjv2Q9CczKsaG93,NA,NA,NA,12,10000
8RCfPUFgKFWsQT0GA2YqmmSnA1r2,NA,NA,NA,12,10000
HjtJHvBnLZSlo1nMXiUygDMA6lI3,NA,NA,NA,12,10000
qjIO6mSQWDO3CSc7gqNbz6YOmYi1,NA,NA,NA,12,10000
ggVUzjCOgcTUuc0A7c5iu0Lrxu23,NA,NA,NA,12,10000
76Vei9fqWxQRJkiqOWQdx01TgXv2,NA,NA,NA,12,10000
vWZjWtTxTDaGzCry3l24W84BQms1,NA,NA,NA,12,10000
yA6VWirhwXR4jW27Am8gaaCpv7j1,NA,NA,NA,12,10000
3hFnOKZtx3eJoIXj4hNCkH80yTH2,NA,NA,NA,1,10000
XtjhrHWCfmYZxkOVHsS2YbMQqGD2,NA,NA,NA,12,10000
6JevNfN5jENNGQU0lPpxgIk47Pc2,NA,NA,NA,12,10000
0SvPjRcKq2hPaag0960pMdaaNb62,NA,NA,NA,12,10000
hsx1SdQLh9d9ZNYXjNY1wEQ26A63,NA,NA,NA,12,10000
KCWkQZIbUMWWcvtJHnPNvReJgNN2,NA,NA,NA,12,10000
4bkPKAAewOcEzFcXzSGlrw80In72,NA,NA,NA,12,10000
orqKTRnLBgdAUutR37rHV7i3Dij2,NA,NA,NA,12,10000
BxQJ46OWbqejGtQSv401ARLpJJ73,NA,NA,NA,12,10000
m4cKHsNPzbVzJYPQBsvvBPjTpQz1,NA,NA,NA,12,10000
MSUIjU4rEeXWEm31LUIO2QN2EHr1,NA,NA,NA,12,10000
SAXndljtLthGy7DpegcOV9ExNLA3,NA,NA,NA,12,10000
TDUNC27RABPu823GE8tL7E1vKjt2,NA,NA,NA,12,10000
4kLTLNeHhmc6FGBuULl8K6tnKQP2,NA,NA,NA,12,10000
UmzGlg0hSiSizCJ64PUs8ikO5p42,NA,NA,NA,12,10000
VGLrN9VJFlZoEuLguRJ9ctw0ehz2,NA,NA,NA,12,10000
26lBO7autCTvE9e1ahhuHI4FWch1,NA,NA,NA,12,10000
277EeSsLzMTK4edcCFgReK05ZkZ2,NA,NA,NA,12,10000
aqOcxSKsr8b9viiTWvz0N0xdFrx2,NA,NA,NA,12,10000
umhiHFa1NGfGOwPthH2mKaqGNM73,NA,NA,NA,12,10000
T2ywVr6liuZTBPw7EUKDOLJoRJC2,NA,NA,NA,12,10000
W86aZ0KwoPhZfyWzVfNdzq4r8692,NA,NA,NA,12,10000
P2oMZQkhBTP4qOWUfu7RKap71193,NA,NA,NA,12,10000
zZ5ko7S4ngVHfQOJrpK6u2OGFaz2,NA,NA,NA,12,10000
em6mM4MdOqP7kz0aZOq2OligOho1,NA,NA,NA,12,10000
vLrQHmWUhwfHrlbelOiJeJ0QJUI2,NA,NA,NA,12,10000
cRncBmuFbPeqdsPpgs4Gj9coHrb2,NA,NA,NA,12,10000
NfBrc5kmGAhpu8DfeahzHwprKbF2,NA,NA,NA,12,10000
AchFKgF1ySS4rdCe3YsRu7TB53U2,NA,NA,NA,12,10000
M0wZC9K48zXUmxltXMkXNrX5cuI2,NA,NA,NA,12,10000
3ysLPHDXfxOr0XgDPW3qgHqXPLm2,NA,NA,NA,12,10000
wBoplPC83qOoTJYISG16Uv8AG5M2,NA,NA,NA,12,10000
NcniUZ72AUcoPcK9xzKRKvTn3mc2,NA,NA,NA,12,10000
pps7y58X5pVUechWHuZUMluhsBZ2,NA,NA,NA,12,10000
3PRBhlSQNqX8nMAgLyi4CFIAMWq1,NA,NA,NA,12,10000
GnssVBIfccga0FOV8ZJ0m4svuqq2,NA,NA,NA,12,10000
VSKTai92CEhnr6IL4co5A1sUKJi2,NA,NA,NA,12,10000
3bo1nHhWaPMrl3Q4doT23sUAFyD3,NA,NA,NA,12,10000
fpYbpluyxMVJ0XTEqRsJdnMK3FZ2,NA,NA,NA,12,10000
y9d1k4s7D9M91GoyJ4Ohmz2VsLu1,NA,NA,NA,12,10000
6OioxtwvBNdm6K8HoizyRRe0iEG2,NA,NA,NA,12,10000
TJ2m1pMg2AZmVzbJwUHsGBcUHkG3,NA,NA,NA,12,10000
ijibyKDQWSOPfoGKjHabKQzU0Ul2,NA,NA,NA,12,10000
2d6J4AadbndlFxw8LsXk28hYjfy2,NA,NA,NA,12,10000
FVuhfqNfPLcVYZYKifvYaX3woiH2,NA,NA,NA,12,10000
WMqN6wQAJGM5iHN5exvM1I18NZY2,NA,NA,NA,12,10000
TnZwjCjwmzcKCj2vx5iUq0skIZq1,NA,NA,NA,12,10000
WM0Mkx1WvUQmoh1o99F7EejzQ0m2,NA,NA,NA,12,10000
LXKW6L0QIVbh9xMEvteeQC5kBkE3,NA,NA,NA,12,10000
MqD2sqLUX9SyUSsjAdtdqxdq4pi1,NA,NA,NA,12,10000
SLpF29ewhfVhsawX8KakuYkCnRi2,NA,NA,NA,12,10000
quKHSywVvuaAjabZJJVCq8oW0vp2,NA,NA,NA,12,10000
q6ZtlrnrttUk6kEpKOGTlQwTaen2,NA,NA,NA,12,10000
ERFJZnAsyOWZmTBL2ogBT5Vuc583,NA,NA,NA,12,10000
Z74prYtOy3Mkf8RE9bVgaLGnLWh1,NA,NA,NA,12,10000
sNFObFhUd6YdWVqj1U6GOYe7Liu2,NA,NA,NA,12,10000
xc4CuRKdf5fx8uBKwmQfw7crhy73,NA,NA,NA,12,10000
SXAaM9fj0me3HbvbCN6s0407WTr2,NA,NA,NA,12,10000
lJPs7ApOewalcuAfuPccYENyYb73,NA,NA,NA,12,10000
0867wC8i8lOSiHI8RuQZaFK3jje2,NA,NA,NA,12,10000
mlkjXCiXcFQkhDZZAB5BjlD8O8V2,NA,NA,NA,12,10000
y1pOhT4WZVNsQIWPi08zhMuMUBC3,NA,NA,NA,12,10000
qsx2tEHGUPSmJ8tuaJFSe5lOoo72,NA,NA,NA,12,10000
oeh0gW4pYRN9fjYJBgTZd2iBwW32,NA,NA,NA,12,10000
flpu5Px4jlMaCa0BT6NkDPyBPwx2,NA,NA,NA,12,10000
mr2u19KQd5TE6v23jHDXjtQHDec2,NA,NA,NA,4,10000
IJHnmKntgBUG9MpQpzhOBpZT6sf2,NA,NA,NA,12,10000
uJzjbpV3HOdEXfch21BVAwPATGw2,NA,NA,NA,12,10000
6syb1NWdrhXWhCt7H2vUXNz1LZQ2,NA,NA,NA,12,10000
syds00rAhrOV4dHCRlHyuKH5dkF2,NA,NA,NA,12,10000
ZZpu3EzgbxPPZ6KCVVNIGf3VgIC2,NA,NA,NA,12,10000
XztzRumDGERWVg8gn7KLOya7jit2,NA,NA,NA,12,10000
BCs9hiSNUlWBtbJfZ5qtdRNdjPj1,NA,NA,NA,12,10000
4SdxtgUFCEek4WV2edCssxs2WFe2,NA,NA,NA,12,10000
RLe0Rj9raHWCKBWGMxGFIWk8Jvt2,NA,NA,NA,12,10000
z5yzLg97MtdHsels5SbuHwfiYZ43,NA,NA,NA,12,10000
cn92KxEtO8a77zkqOcSxManjgnX2,NA,NA,NA,12,10000
0HxzmgIr1xTZ9A0WQ3MgxCmykX13,NA,NA,NA,12,10000
RBwEDr47VGegiU1XZw3ab49Idkt1,NA,NA,NA,12,10000
n6qqF3GtGZbu7bj0GV0UFmpK87M2,NA,NA,NA,12,10000
VYZKP2GZGKaxs42tMjlPaiosOYh2,NA,NA,NA,12,10000
RTVRGz5j6JYaW7zAPLsy6mYQJlr2,NA,NA,NA,12,10000
7A9Je0CwiPYKZPRFY5ylxAPp3zD2,NA,NA,NA,12,10000
04vrB5jwtgVcdkbmVINSJeGZ2Vr1,NA,NA,NA,12,10000
HEuGBscayRVxopQBQcbxRH3oRcF2,NA,NA,NA,12,10000
LR2a0t1brXbv5gYUoqSv9Vgr51f2,NA,NA,NA,12,10000
sR1AQQ122tVGfl1KqeHDFkgKnx32,NA,NA,NA,12,10000
HtoqDF8FZlXhI2BciVYgL7EFagu1,NA,NA,NA,12,10000
AqVRRAilGKV67VhTSug9LiiR4Sr1,NA,NA,NA,12,10000
5PmBogAJiIZrtFsA5FxVuiwGILJ2,NA,NA,NA,12,10000
AFG5cyT4KhTXL5QbNf5gRiKH8GG2,NA,NA,NA,12,10000
sCe8gFTJ8ifib3cRLfBELZnLrUo1,NA,NA,NA,12,10000
TBrEEnaOpOO33i6pEjPk69nqLw43,NA,NA,NA,12,10000
kxWFMow6qbUDfzYif9jqoQOoTJu2,NA,NA,NA,12,10000
kReH6c9OgMfl2GWLOjeE4x4VuCX2,NA,NA,NA,12,10000
mBt2Iu6xZFf7eKIBKpKWH3H5w5o2,NA,NA,NA,12,10000
apEWfnNr6ZaSXUxN4bop3xvF3pI3,NA,NA,NA,12,10000
lC1YjD5gXtf7TCQyg5CTLBb3ZWb2,NA,NA,NA,12,10000
6rp39VOZuKddvxX3hfgQnSnoltO2,NA,NA,NA,12,10000
jhksXYtuFZeBic3zD1gfWgQNrDz1,NA,NA,NA,12,10000
z38KP06tgUMas4Ad7UpTD7mx2sG3,NA,NA,NA,12,10000
UtJOmbYYPNUbYgaBV8JJ3YO7oQv1,NA,NA,NA,12,10000
ViSMP6uhm7RPqZomq7Ut8lZvomg2,NA,NA,NA,12,10000
POFaiyIZV1XXiGeQkhaGPPW0z6I2,NA,NA,NA,12,10000
wcKYIZoAiteH4jttQbA06VmqIDy1,NA,NA,NA,12,10000
VunMYAH0IdUO8tHol0y9CtXkgJt2,NA,NA,NA,12,10000
2r3oYo2n1Ng4TmZnpmqYkGRagR12,NA,NA,NA,12,10000
hxKRIYM58Oeo5uWQlrAGukmsbPk1,NA,NA,NA,12,10000
tPq75lIt59fulC7GK7HQ7s47mMR2,NA,NA,NA,12,10000
F60rLrItoAZHWBOHtR5ldf2wsl63,NA,NA,NA,12,10000
cRkeH3NWI5VJdL5tEMJ2DaMHg2N2,NA,NA,NA,12,10000
VtmX367bL8c8IEC1ubvbVHgRQFo2,NA,NA,NA,12,10000
h9NzusJw30TcmbAgqLiPf8Detnx2,NA,NA,NA,12,10000
WFibqVq2NKgMXQIb0BdrboSP0202,NA,NA,NA,12,10000
AOyuOC7gjghVx92xkmb5LAAOomB3,NA,NA,NA,12,10000
VmRP8FS7AoXkMJlONNJ6YEtJuah1,NA,NA,NA,12,10000
XHhgdW8nQ8cN9UHFXlxHd0Er3GO2,NA,NA,NA,12,10000
j4VPvfU3b7TjELkoc9vwpoRZkU03,NA,NA,NA,12,10000
lKh17tXkbyO8p8FOOmiWI9T34lk1,NA,NA,NA,12,10000
rpVV5q9P1FWrNVczjU34NgVegiz1,NA,NA,NA,12,10000
aCwZRrCnaVfuWCf8OiqvkVePHR83,NA,NA,NA,12,10000
pg0WbpL8ByPcZ71LUng3duKLyk22,NA,NA,NA,12,10000
O2lvVUadiqMV1bk8qL07aPnGvlH2,NA,NA,NA,12,10000
aBH7Qua7npRRDZXTJRJk9mIADBF2,NA,NA,NA,12,10000
0d8qIVzHrkY8e4E3uZkYnJGDZM83,NA,NA,NA,12,10000
bSUa99gzbwSdByUHP7SaPAmeUR03,NA,NA,NA,12,10000
XtqaY82OmoMVyadUepOUur4y9B92,NA,NA,NA,12,10000
Q2QJY9XTOYVacoEVkzFtUCiQmO73,NA,NA,NA,12,10000
H4QQz2YC09WO1NSPjT9HqFlcTl72,NA,NA,NA,12,10000
Y6vUIzBKZvcqJRylVJ48Sveqy7L2,NA,NA,NA,12,10000
40OFxtqFmPQRVfTJ8xX7qmtRtEg2,NA,NA,NA,12,10000
XT63z4KOADQ8bx4FRdVPj5aWcxp2,NA,NA,NA,12,10000
ZHrE0CtUW5Miv0GPBoScAlV4FaC3,NA,NA,NA,12,10000
3cF2iz9vLYPShodGbRCFjHcV7r53,NA,NA,NA,12,10000
c2JrVvhtw0h3swh8APagRUVr7jt2,NA,NA,NA,12,10000
7Zmfe7JQ9ihhJbCVsimLjCj3FLJ3,NA,NA,NA,12,10000
H5H0wcGnHrQiKYjYTniQoGhpQZ63,NA,NA,NA,12,10000
8U4tjE7u6WV74czXfwLRkazJ1ki1,NA,NA,NA,12,10000
SdnydLCJFmZbyf171Tf9rNqsorl2,NA,NA,NA,12,10000
eXfRei6tdzReQDh3FsDOz9Gmdso1,NA,NA,NA,12,10000
RY2ZtHwjU5d9vo6qsocre4IlZEn1,NA,NA,NA,12,10000
Z5DIoPvgnDZMNvmO6YC75dXOLUG2,NA,NA,NA,12,10000
E2swvkcLQjU3crzKM5ZOqab9yEu1,NA,NA,NA,12,10000
3A7ly5fz13W99U4ECNQozfQgES93,NA,NA,NA,12,10000
PMyYYbXgxafQnH38OjV3j2WYi5w1,NA,NA,NA,12,10000
Gr8sXDnUnsY8XxDT6kk10MKIEQ53,NA,NA,NA,12,10000
TN2LzDqyi8ZZQGdv6rE3ixrJnC52,NA,NA,NA,12,10000
KNb3WHrTD2PtiIKZvcX5dxEyb0n2,NA,NA,NA,12,10000
hL58qH0vyyNi79LqTHDKGywR6DM2,NA,NA,NA,12,10000
SxVn8kf0aZd0s7r8v2q96Vf4qBh1,NA,NA,NA,12,10000
U2gz3P26w8Ue65dC9NAZY8oz4xG2,NA,NA,NA,12,10000
XWq6Y2NPkUdB9bd8XoJQqV4cAK92,NA,NA,NA,12,10000
KkyJgMeCg7cfIfqfx4xm1JvwgQF3,NA,NA,NA,12,10000
i8MUJdiBv4aOKglTLKIn3oNW0843,NA,NA,NA,12,10000
agUzZzUWWfhA9YSPd62S04BalJi1,NA,NA,NA,12,10000
Nt9KHFk6feP1GyR2PbRdHe8DmF33,NA,NA,NA,12,10000
58585TUYrjQNBaLh3khslg2Wj2J3,NA,NA,NA,12,10000
UXWsKDoKKgTgW9P1SQQi6BituLl2,NA,NA,NA,12,10000
7LRJZBWN4mdeNntSnPjxxXWg9fr1,NA,NA,NA,12,10000
9LsbOUctiDTpFnad4RFVIPwxHam1,NA,NA,NA,12,10000
R9CuS6EGV5fBpnZFJmfhzpSVcAH3,NA,NA,NA,12,10000
OEELK3cuINXYsIJckIkMgsZs01a2,NA,NA,NA,12,10000
YoFBwwmveRa87oOYvJBAFQ9t3VC3,NA,NA,NA,12,10000
LBQSDOGsCeWoXBZxfnWzH3hbiDl1,NA,NA,NA,12,10000
ggVfbm19pEOaOV3UeUB1ePn87Iu1,NA,NA,NA,12,10000
t3ejbE8AwTeJ8MiDl04gsdJw6oK2,NA,NA,NA,12,10000
a063uBmSERekXlbcnECUm2JKJnw1,NA,NA,NA,12,10000
oGyMwk124dakU4CmnpYom6R9OeI3,NA,NA,NA,12,10000
epmfaUiVaqMqyqPycSKoyhWANnx1,NA,NA,NA,12,10000
Osb6YgcBVgS1FABEZVRYyzguV9o2,NA,NA,NA,12,10000
S3wAMQEQLDXEarpTvi1GhOHSRRF3,NA,NA,NA,12,10000
iistrQoadCWcCiHek8N7EwJajbZ2,NA,NA,NA,12,10000
prahgzKLBCTOf7TSpX3HdUQ5fD23,NA,NA,NA,12,10000
j249P6xN2mh7KnI2PGGfDrtE9SY2,NA,NA,NA,12,10000
ROV8PwSh1vcW9zZqCyj7CisSH7z1,NA,NA,NA,12,10000
Xg2tGQAJPGR8SODc6UtSetgTMjH2,NA,NA,NA,12,10000
gLnqLL4ONiWPWZLclksEgS9JLTv1,NA,NA,NA,12,10000
CqOyB957K9PdZb1XFKhX9zfYGOs2,NA,NA,NA,12,10000
Mcwt6U2Q2HNPiOiIqgwJHVSnFc33,NA,NA,NA,12,10000
KZfkurVNUAcZuz8dgdpRgW92nKJ3,NA,NA,NA,12,10000
CqFTwZiXIlS6TrycE2eubr1FtIX2,NA,NA,NA,12,10000
kSGNO4NnHPQXpIpoAQIY69HjZz83,NA,NA,NA,12,10000
1Hj8ShUlIzgEkplFrFjVtuJowg83,NA,NA,NA,12,10000
QgEy0w3geeYTTH7EC4Qewdz6cIi1,NA,NA,NA,12,10000
o69BILBglsScK1tyBOnKaWGt7cF3,NA,NA,NA,12,10000
Wx1X0D6z7vaWZWHFCo1l2tQ62kd2,NA,NA,NA,12,10000
ysB2BMueLDdhEtgobFfqok4UNmr1,NA,NA,NA,12,10000
CwmieN7eYEa4oqzWWeoRgsfZFKP2,NA,NA,NA,12,10000
M3LGm1Rea0ha8128qcnbvAtEWXM2,NA,NA,NA,12,10000
Coj5TmY1V2bmIfGLXGM18TweKR42,NA,NA,NA,12,10000
fP1H1OR5PiSbWbK2ZNFSu85oI203,NA,NA,NA,12,10000
uIntl1OAMPg4BzWFduyCetlj7Tg2,NA,NA,NA,12,10000
KfwZfgVoYMOXvGdW6cl4pW4dUzu1,NA,NA,NA,12,10000
3QcQAy6xB3YtfWiBeqWgcyz9iVs2,NA,NA,NA,12,10000
PtRsiju92jZZUwTvTO2OkYY9KNt2,NA,NA,NA,12,10000
yNHHdH8BamWBia06DaQZORsvMrc2,NA,NA,NA,12,10000
ZxDdtqdkjaQmPpAifvEt2omBHQ53,NA,NA,NA,12,10000
IdP8MjWcWbcxJ8EQXYwtEAxcfGl1,NA,NA,NA,12,10000
0XsQjAE62zZgNDEIG0IHoSYNFWd2,NA,NA,NA,12,10000
9DpY1nGDfSf31NbNORKy8nnqiwA3,NA,NA,NA,12,10000
eX8XyyLXO6h8vl048UBvtBIQ9Vy1,NA,NA,NA,12,10000
6eQb14cjxSYaFlBw24qBIuJ4E0s2,NA,NA,NA,12,10000
RFT23CPzRxOwgmog8I2buo7Psef2,NA,NA,NA,12,10000
grraDl1rzkcUZyWtxYaTViC8IWw2,NA,NA,NA,12,10000
UHSZB6R7CWYUMTZt9C3HNIk7KBx2,NA,NA,NA,12,10000
Aj81gIvAUGVkSa0qdMY1enIFazl2,NA,NA,NA,12,10000
cZeVc4Qq6Cdq5MR7GgWSXoiiC8M2,NA,NA,NA,12,10000
GMiASshVyMYoSI6aK98veQjwYvk1,NA,NA,NA,12,10000
HVs5QBQCTEdV3l1nVycizwqxoYt1,NA,NA,NA,12,10000
9gsuGDhtkxYjSadwMaAF68uWcVC3,NA,NA,NA,12,10000
NXQIvdtOrGPGR8peGjLkVbxBzrI2,NA,NA,NA,12,10000
0Nir49AL5yNd07Xj3XlqoWVa0pB3,NA,NA,NA,12,10000
ba2uEGxEYITVZcaZ1kBbhA6qv073,NA,NA,NA,12,10000
eSpB6w1m8BVCP4Eq8GZkWrZSxW93,NA,NA,NA,12,10000
Ppd3DSgFfZdSoaTnYBS3Gecm1Nx1,NA,NA,NA,12,10000
qNtx4Z50MkX8W7D1DbWjWclRhQl1,NA,NA,NA,12,10000
3vyG04F4MqahVus1lk7Csu9d32m1,NA,NA,NA,12,10000
Fow2JjJELRXJAMhwSNr9apM91RH2,NA,NA,NA,12,10000
ZV8pZW86X1SY2OC0PWXBFuiz4A43,NA,NA,NA,12,10000
HSm8gAD41xegF0KJbEoKp9qwrOh1,NA,NA,NA,12,10000
D0dnqBQlyEUCdHJLnECgYyEMsqn1,NA,NA,NA,12,10000
KZvFzEakj7OBI5ctZ9UGyVmj2iF3,NA,NA,NA,12,10000
GOiO4M3HBTds07ufiwLyx0aNyAM2,NA,NA,NA,12,10000
KQg89SSuaTTqVXZVsAIigSbcDev1,NA,NA,NA,12,10000
sSOmEvV2OGd4oO72tijevdZ9Wmj2,NA,NA,NA,12,10000
yV7n4TddKwXEopMBh34lIgG1FW43,NA,NA,NA,12,10000
xsr0gfOH95cn2kIq21NkheDMfGT2,NA,NA,NA,12,10000
jNuzMnlB8Ffj5zuQggCc0SmGRn73,NA,NA,NA,12,10000
YXU4gIWF2tS7fI8tjbd6pvq67IE3,NA,NA,NA,12,10000
u3EidtHdnZegjnP6fDSDqfatzE12,NA,NA,NA,12,10000
JFnkouU3sANEAVs0qQc03wqPIJX2,NA,NA,NA,12,10000
WNbcyCf9O5Uitp6qmEzN9ztdfFs2,NA,NA,NA,12,10000
Q0NzoC3XBLen8YnjcMPxer2Y8A22,NA,NA,NA,12,10000
c1gV4HIHERU5a8tt5pQMSDMPCv92,NA,NA,NA,12,10000
bVfqtKg1mITDafYugEIqf71XxD92,NA,NA,NA,12,10000
KQecPqBG2gQMgOzHEzQuhAH0HNx1,NA,NA,NA,12,10000
hynwYuAxVjOSyUueD4hGfGtmieU2,NA,NA,NA,12,10000
KLHS8gMxnGYmbxpBbxKraDFxGLI3,NA,NA,NA,12,10000
eUl7mllWEgeWzWRlhN6Wmf6kzJR2,NA,NA,NA,12,10000
4PnPjdeh2McRiwk1aXgPPi8IAag2,NA,NA,NA,12,10000
9CMBIVfhE7aTa8btsyvAWR0t3563,NA,NA,NA,12,10000
o6T3HskzRkfbpDR9ihj8kFptSoy1,NA,NA,NA,12,10000
RLh1B7Gu6Daz6bVW2dBS916g6Fs2,NA,NA,NA,12,10000
G3Hhr7ggc3YHzUl3hXNjlOaLtS93,NA,NA,NA,12,10000
UFaauGMrLlWOqwAe4XrC4ylKhyv1,NA,NA,NA,12,10000
5GKLSWabitciuxMu2pgvGlgREUJ3,NA,NA,NA,12,10000
dv8j5R8cuhdOgI1DrbT5tsAF8Dd2,NA,NA,NA,12,10000
pWjgCsCTRFfrMkvOSq9uJJBMOAv1,NA,NA,NA,12,10000
MUWBAWJuB8XhdEs871Lpgfb2ZGg1,NA,NA,NA,12,10000
zFO9NCukiHOCplLk0fsq5u1UxVq2,NA,NA,NA,12,10000
7wSiYgpfGiUX6WL9NbceNeNzBK23,NA,NA,NA,12,10000
jUDEEiINnWOsyhs5Keb9xgZUkIJ2,NA,NA,NA,12,10000
Bjo62ywkQDRDKOCJZ46IKxWfCwo1,NA,NA,NA,12,10000
zqEBr7kESEcTGdhTU8qk2GzcSzg2,NA,NA,NA,12,10000
HCesqxqyZQeHlEuufDoTvdS7Oy53,NA,NA,NA,12,10000
7ERIfL7VDlYfLKzQ6i5LneQHKso1,NA,NA,NA,12,10000
evHslbrltuYFnHkknMPyY89xAQU2,NA,NA,NA,12,10000
akVCkFSQxOSu1ecaHVUQSWx7qPE3,NA,NA,NA,12,10000
ckhzuyCbG0Zggk9L1UAwUySIymt2,NA,NA,NA,12,10000
dwoozQ2D9vQx1mJPBoXTccbJMag1,NA,NA,NA,12,10000
vgo3pwWoShP8JjyTuwpdDwmGfK72,NA,NA,NA,12,10000
Hz4KRbl5aoOfqpGB6NzKvkSbnaH3,NA,NA,NA,12,10000
Wx9upQgn63Tf1QuJA3NPyHc5ydv1,NA,NA,NA,12,10000
ndHkUwG8jWbkKdOFVsYaMToImMz2,NA,NA,NA,12,10000
7Agc0kaii9OtO5Kh8IjmBDn7sYG2,NA,NA,NA,12,10000
0xnFPre8MlNC5QJWX8T6H8jcTej2,NA,NA,NA,12,10000
Q1iSP62tGwgernkkDSRfy3dbXow2,NA,NA,NA,12,10000
0ankI3a9cKPuIDaj43LOdXl1JUC3,NA,NA,NA,12,10000
r944w92PoyeNgGF89zKhSgW7VIM2,NA,NA,NA,12,10000
Enuu6FHKoOXYUH5xhvJ3FNxFvxo1,NA,NA,NA,12,10000
hX1l9OVvn6gbsvq3lVz0sNjbXiS2,NA,NA,NA,12,10000
10AlRVhdAAUlIgFKYTAzSrRFCam1,NA,NA,NA,12,10000
6f45tD6gFqfQy2jOQAwMlYrygf63,NA,NA,NA,1,10000
1FItz9uZdrWxushWqxWek8gbb0s1,NA,NA,NA,12,10000
yIxbYPizqxWLoLIE9IlRU6CB2hj1,NA,NA,NA,12,10000
GMsUUrKCt7SD3b5dyjw2oGpJOQQ2,NA,NA,NA,12,10000
oiBwFkMf43fNcZIncXInrwnKdDL2,NA,NA,NA,12,10000
SbgwwPx4ZcOCcN15DUVBaLc0hbt1,NA,NA,NA,12,10000
jSpOsGgu8iV15XJl13ICHsL6tEs2,NA,NA,NA,12,10000
rS1ANCCAHLWZaJXKy3jZxgw56E33,NA,NA,NA,12,10000
6pTt0LwIVaabphtJ0RUvswi2SVi2,NA,NA,NA,12,10000
